-- Database Seed File for KumbhConnect AI

-- Seeding Zones
INSERT INTO zones (name, centroid_lat, centroid_lng, approx_boundary_points) VALUES ('Zone Area 1', 19.982676, 73.712825, 19) ON CONFLICT (name) DO NOTHING;
INSERT INTO zones (name, centroid_lat, centroid_lng, approx_boundary_points) VALUES ('Zone Area 2', 20.04899, 73.804527, 21) ON CONFLICT (name) DO NOTHING;
INSERT INTO zones (name, centroid_lat, centroid_lng, approx_boundary_points) VALUES ('Zone Area 3', 20.04714, 73.800549, 6) ON CONFLICT (name) DO NOTHING;
INSERT INTO zones (name, centroid_lat, centroid_lng, approx_boundary_points) VALUES ('Zone Area 4', 20.052318, 73.79478, 21) ON CONFLICT (name) DO NOTHING;
INSERT INTO zones (name, centroid_lat, centroid_lng, approx_boundary_points) VALUES ('Zone Area 5', 19.930185, 73.718225, 14) ON CONFLICT (name) DO NOTHING;
INSERT INTO zones (name, centroid_lat, centroid_lng, approx_boundary_points) VALUES ('Zone Area 6', 20.000705, 73.863689, 21) ON CONFLICT (name) DO NOTHING;
INSERT INTO zones (name, centroid_lat, centroid_lng, approx_boundary_points) VALUES ('Zone Area 7', 20.050195, 73.882161, 23) ON CONFLICT (name) DO NOTHING;
INSERT INTO zones (name, centroid_lat, centroid_lng, approx_boundary_points) VALUES ('Zone Area 8', 19.998954, 73.864869, 13) ON CONFLICT (name) DO NOTHING;
INSERT INTO zones (name, centroid_lat, centroid_lng, approx_boundary_points) VALUES ('Zone Area 9', 20.02868, 73.718788, 22) ON CONFLICT (name) DO NOTHING;
INSERT INTO zones (name, centroid_lat, centroid_lng, approx_boundary_points) VALUES ('Zone Area 10', 19.960999, 73.756712, 14) ON CONFLICT (name) DO NOTHING;
INSERT INTO zones (name, centroid_lat, centroid_lng, approx_boundary_points) VALUES ('Zone Area 11', 19.949892, 73.849059, 63) ON CONFLICT (name) DO NOTHING;
INSERT INTO zones (name, centroid_lat, centroid_lng, approx_boundary_points) VALUES ('Zone Area 12', 20.075429, 73.806543, 20) ON CONFLICT (name) DO NOTHING;
INSERT INTO zones (name, centroid_lat, centroid_lng, approx_boundary_points) VALUES ('Zone Area 13', 20.08427, 73.78208, 14) ON CONFLICT (name) DO NOTHING;
INSERT INTO zones (name, centroid_lat, centroid_lng, approx_boundary_points) VALUES ('Zone Area 14', 20.027645, 73.718997, 13) ON CONFLICT (name) DO NOTHING;
INSERT INTO zones (name, centroid_lat, centroid_lng, approx_boundary_points) VALUES ('Zone Area 15', 19.940415, 73.843123, 6) ON CONFLICT (name) DO NOTHING;
INSERT INTO zones (name, centroid_lat, centroid_lng, approx_boundary_points) VALUES ('Zone Area 16', 19.945674, 73.844561, 15) ON CONFLICT (name) DO NOTHING;
INSERT INTO zones (name, centroid_lat, centroid_lng, approx_boundary_points) VALUES ('Zone Area 17', 20.075526, 73.80698, 15) ON CONFLICT (name) DO NOTHING;
INSERT INTO zones (name, centroid_lat, centroid_lng, approx_boundary_points) VALUES ('Zone Area 18', 20.061555, 73.810584, 23) ON CONFLICT (name) DO NOTHING;
INSERT INTO zones (name, centroid_lat, centroid_lng, approx_boundary_points) VALUES ('Zone Area 19', 19.936666, 73.71736, 13) ON CONFLICT (name) DO NOTHING;
INSERT INTO zones (name, centroid_lat, centroid_lng, approx_boundary_points) VALUES ('Zone Area 20', 19.939742, 73.714194, 19) ON CONFLICT (name) DO NOTHING;
INSERT INTO zones (name, centroid_lat, centroid_lng, approx_boundary_points) VALUES ('Zone Area 21', 19.983782, 73.819156, 55) ON CONFLICT (name) DO NOTHING;
INSERT INTO zones (name, centroid_lat, centroid_lng, approx_boundary_points) VALUES ('Zone Area 22', 19.968996, 73.827684, 11) ON CONFLICT (name) DO NOTHING;
INSERT INTO zones (name, centroid_lat, centroid_lng, approx_boundary_points) VALUES ('Zone Area 23', 19.968388, 73.824545, 10) ON CONFLICT (name) DO NOTHING;
INSERT INTO zones (name, centroid_lat, centroid_lng, approx_boundary_points) VALUES ('Zone Area 24', 20.036228, 73.769557, 21) ON CONFLICT (name) DO NOTHING;
INSERT INTO zones (name, centroid_lat, centroid_lng, approx_boundary_points) VALUES ('Zone Area 25', 20.039942, 73.738581, 16) ON CONFLICT (name) DO NOTHING;
INSERT INTO zones (name, centroid_lat, centroid_lng, approx_boundary_points) VALUES ('Zone Area 26', 20.013389, 73.834474, 7) ON CONFLICT (name) DO NOTHING;
INSERT INTO zones (name, centroid_lat, centroid_lng, approx_boundary_points) VALUES ('Zone Area 27', 20.013673, 73.833538, 5) ON CONFLICT (name) DO NOTHING;
INSERT INTO zones (name, centroid_lat, centroid_lng, approx_boundary_points) VALUES ('Zone Area 28', 20.013122, 73.835548, 6) ON CONFLICT (name) DO NOTHING;
INSERT INTO zones (name, centroid_lat, centroid_lng, approx_boundary_points) VALUES ('Zone Area 29', 19.979904, 73.819459, 19) ON CONFLICT (name) DO NOTHING;
INSERT INTO zones (name, centroid_lat, centroid_lng, approx_boundary_points) VALUES ('Zone Area 30', 19.99501, 73.779993, 29) ON CONFLICT (name) DO NOTHING;
INSERT INTO zones (name, centroid_lat, centroid_lng, approx_boundary_points) VALUES ('Zone Area 31', 19.986392, 73.782566, 24) ON CONFLICT (name) DO NOTHING;
INSERT INTO zones (name, centroid_lat, centroid_lng, approx_boundary_points) VALUES ('Zone Area 32', 19.956873, 73.83786, 7) ON CONFLICT (name) DO NOTHING;

-- Seeding Police Stations
INSERT INTO police_stations (name, latitude, longitude) VALUES ('Adgaon Police station', 20.015486, 73.826945) ON CONFLICT (name) DO NOTHING;
INSERT INTO police_stations (name, latitude, longitude) VALUES ('AmbadPolice station', 19.96586, 73.763443) ON CONFLICT (name) DO NOTHING;
INSERT INTO police_stations (name, latitude, longitude) VALUES ('Bhadrakali Police station', 19.997799, 73.789208) ON CONFLICT (name) DO NOTHING;
INSERT INTO police_stations (name, latitude, longitude) VALUES ('Devlali camp Police station', 19.905098, 73.826855) ON CONFLICT (name) DO NOTHING;
INSERT INTO police_stations (name, latitude, longitude) VALUES ('Gangapur Police station', 20.014267, 73.75007) ON CONFLICT (name) DO NOTHING;
INSERT INTO police_stations (name, latitude, longitude) VALUES ('Indiranagar Police station', 19.974576, 73.778583) ON CONFLICT (name) DO NOTHING;
INSERT INTO police_stations (name, latitude, longitude) VALUES ('Mhasrul Police station', 20.032542, 73.802388) ON CONFLICT (name) DO NOTHING;
INSERT INTO police_stations (name, latitude, longitude) VALUES ('Mumbai naka Police station', 19.987591, 73.783917) ON CONFLICT (name) DO NOTHING;
INSERT INTO police_stations (name, latitude, longitude) VALUES ('Panchavati Police station', 20.015643, 73.796739) ON CONFLICT (name) DO NOTHING;
INSERT INTO police_stations (name, latitude, longitude) VALUES ('Sarkarwada Police station', 20.00562, 73.779772) ON CONFLICT (name) DO NOTHING;
INSERT INTO police_stations (name, latitude, longitude) VALUES ('Satpur Police station', 19.991434, 73.742909) ON CONFLICT (name) DO NOTHING;
INSERT INTO police_stations (name, latitude, longitude) VALUES ('Upnagar Police station', 19.967381, 73.824402) ON CONFLICT (name) DO NOTHING;
INSERT INTO police_stations (name, latitude, longitude) VALUES ('Nashik Road Police Station', 19.9528351, 73.8397366) ON CONFLICT (name) DO NOTHING;
INSERT INTO police_stations (name, latitude, longitude) VALUES ('MIDC Chunchale police chowki', 19.9506575, 73.7368018) ON CONFLICT (name) DO NOTHING;

-- Seeding CCTVs (First 200 for seed limit control)
INSERT INTO cctv (camera_id, zone_name, latitude, longitude) VALUES ('Z1-C1', 'Zone Area 1', 19.9837107656918, 73.7117656533138) ON CONFLICT (camera_id) DO NOTHING;
INSERT INTO cctv (camera_id, zone_name, latitude, longitude) VALUES ('Z1-C2', 'Zone Area 1', 19.98283433375826, 73.71268581115484) ON CONFLICT (camera_id) DO NOTHING;
INSERT INTO cctv (camera_id, zone_name, latitude, longitude) VALUES ('Z1-C3', 'Zone Area 1', 19.98205478353546, 73.71163987623503) ON CONFLICT (camera_id) DO NOTHING;
INSERT INTO cctv (camera_id, zone_name, latitude, longitude) VALUES ('Z1-C4', 'Zone Area 1', 19.9826823450905, 73.71173933735379) ON CONFLICT (camera_id) DO NOTHING;
INSERT INTO cctv (camera_id, zone_name, latitude, longitude) VALUES ('Z1-C5', 'Zone Area 1', 19.98249601764709, 73.71347844980347) ON CONFLICT (camera_id) DO NOTHING;
INSERT INTO cctv (camera_id, zone_name, latitude, longitude) VALUES ('Z1-C6', 'Zone Area 1', 19.98286031627135, 73.7116236347669) ON CONFLICT (camera_id) DO NOTHING;
INSERT INTO cctv (camera_id, zone_name, latitude, longitude) VALUES ('Z1-C7', 'Zone Area 1', 19.98257250843313, 73.71330745322594) ON CONFLICT (camera_id) DO NOTHING;
INSERT INTO cctv (camera_id, zone_name, latitude, longitude) VALUES ('Z1-C8', 'Zone Area 1', 19.98249802804057, 73.71292315093275) ON CONFLICT (camera_id) DO NOTHING;
INSERT INTO cctv (camera_id, zone_name, latitude, longitude) VALUES ('Z1-C9', 'Zone Area 1', 19.98178127102643, 73.71338156175302) ON CONFLICT (camera_id) DO NOTHING;
INSERT INTO cctv (camera_id, zone_name, latitude, longitude) VALUES ('Z1-C10', 'Zone Area 1', 19.98320484413881, 73.71249545900119) ON CONFLICT (camera_id) DO NOTHING;
INSERT INTO cctv (camera_id, zone_name, latitude, longitude) VALUES ('Z1-C11', 'Zone Area 1', 19.98318416874205, 73.71187665771225) ON CONFLICT (camera_id) DO NOTHING;
INSERT INTO cctv (camera_id, zone_name, latitude, longitude) VALUES ('Z1-C12', 'Zone Area 1', 19.98199858167117, 73.71328521689928) ON CONFLICT (camera_id) DO NOTHING;
INSERT INTO cctv (camera_id, zone_name, latitude, longitude) VALUES ('Z1-C13', 'Zone Area 1', 19.98270933452398, 73.71183495919192) ON CONFLICT (camera_id) DO NOTHING;
INSERT INTO cctv (camera_id, zone_name, latitude, longitude) VALUES ('Z1-C14', 'Zone Area 1', 19.98272148916434, 73.71237839722669) ON CONFLICT (camera_id) DO NOTHING;
INSERT INTO cctv (camera_id, zone_name, latitude, longitude) VALUES ('Z1-C15', 'Zone Area 1', 19.98359148651821, 73.71265324474186) ON CONFLICT (camera_id) DO NOTHING;
INSERT INTO cctv (camera_id, zone_name, latitude, longitude) VALUES ('Z1-C16', 'Zone Area 1', 19.98249985638019, 73.71218564706645) ON CONFLICT (camera_id) DO NOTHING;
INSERT INTO cctv (camera_id, zone_name, latitude, longitude) VALUES ('Z1-C17', 'Zone Area 1', 19.98217694104499, 73.71205441709265) ON CONFLICT (camera_id) DO NOTHING;
INSERT INTO cctv (camera_id, zone_name, latitude, longitude) VALUES ('Z1-C18', 'Zone Area 1', 19.98262015174924, 73.71339339913423) ON CONFLICT (camera_id) DO NOTHING;
INSERT INTO cctv (camera_id, zone_name, latitude, longitude) VALUES ('Z1-C19', 'Zone Area 1', 19.98194379502273, 73.71343658494628) ON CONFLICT (camera_id) DO NOTHING;
INSERT INTO cctv (camera_id, zone_name, latitude, longitude) VALUES ('Z1-C20', 'Zone Area 1', 19.98175539001387, 73.71229121195354) ON CONFLICT (camera_id) DO NOTHING;
INSERT INTO cctv (camera_id, zone_name, latitude, longitude) VALUES ('Z1-C21', 'Zone Area 1', 19.98249265741606, 73.7128850832962) ON CONFLICT (camera_id) DO NOTHING;
INSERT INTO cctv (camera_id, zone_name, latitude, longitude) VALUES ('Z1-C22', 'Zone Area 1', 19.98208250392456, 73.7128782110326) ON CONFLICT (camera_id) DO NOTHING;
INSERT INTO cctv (camera_id, zone_name, latitude, longitude) VALUES ('Z1-C23', 'Zone Area 1', 19.98192905761278, 73.71262287851363) ON CONFLICT (camera_id) DO NOTHING;
INSERT INTO cctv (camera_id, zone_name, latitude, longitude) VALUES ('Z1-C24', 'Zone Area 1', 19.98209533363156, 73.71299172730164) ON CONFLICT (camera_id) DO NOTHING;
INSERT INTO cctv (camera_id, zone_name, latitude, longitude) VALUES ('Z1-C25', 'Zone Area 1', 19.98277742513226, 73.71181166880612) ON CONFLICT (camera_id) DO NOTHING;
INSERT INTO cctv (camera_id, zone_name, latitude, longitude) VALUES ('Z1-C26', 'Zone Area 1', 19.98325782070654, 73.7126411187684) ON CONFLICT (camera_id) DO NOTHING;
INSERT INTO cctv (camera_id, zone_name, latitude, longitude) VALUES ('Z1-C27', 'Zone Area 1', 19.98310447732337, 73.71362396248709) ON CONFLICT (camera_id) DO NOTHING;
INSERT INTO cctv (camera_id, zone_name, latitude, longitude) VALUES ('Z1-C28', 'Zone Area 1', 19.98285837398981, 73.7123371664252) ON CONFLICT (camera_id) DO NOTHING;
INSERT INTO cctv (camera_id, zone_name, latitude, longitude) VALUES ('Z1-C29', 'Zone Area 1', 19.98349943209555, 73.71178640932033) ON CONFLICT (camera_id) DO NOTHING;
INSERT INTO cctv (camera_id, zone_name, latitude, longitude) VALUES ('Z1-C30', 'Zone Area 1', 19.9818665357267, 73.71202330766724) ON CONFLICT (camera_id) DO NOTHING;
INSERT INTO cctv (camera_id, zone_name, latitude, longitude) VALUES ('Z1-C31', 'Zone Area 1', 19.98172988348014, 73.71271169884483) ON CONFLICT (camera_id) DO NOTHING;
INSERT INTO cctv (camera_id, zone_name, latitude, longitude) VALUES ('Z1-C32', 'Zone Area 1', 19.98231611776505, 73.71201449981463) ON CONFLICT (camera_id) DO NOTHING;
INSERT INTO cctv (camera_id, zone_name, latitude, longitude) VALUES ('Z1-C33', 'Zone Area 1', 19.9833170078995, 73.71175373091431) ON CONFLICT (camera_id) DO NOTHING;
INSERT INTO cctv (camera_id, zone_name, latitude, longitude) VALUES ('Z1-C34', 'Zone Area 1', 19.98183741932619, 73.7129176884313) ON CONFLICT (camera_id) DO NOTHING;
INSERT INTO cctv (camera_id, zone_name, latitude, longitude) VALUES ('Z1-C35', 'Zone Area 1', 19.98272878360087, 73.71343124421865) ON CONFLICT (camera_id) DO NOTHING;
INSERT INTO cctv (camera_id, zone_name, latitude, longitude) VALUES ('Z1-C36', 'Zone Area 1', 19.98193207160476, 73.71216043686938) ON CONFLICT (camera_id) DO NOTHING;
INSERT INTO cctv (camera_id, zone_name, latitude, longitude) VALUES ('Z1-C37', 'Zone Area 1', 19.98245988869297, 73.71273250148302) ON CONFLICT (camera_id) DO NOTHING;
INSERT INTO cctv (camera_id, zone_name, latitude, longitude) VALUES ('Z1-C38', 'Zone Area 1', 19.98253945124729, 73.71242540675891) ON CONFLICT (camera_id) DO NOTHING;
INSERT INTO cctv (camera_id, zone_name, latitude, longitude) VALUES ('Z1-C39', 'Zone Area 1', 19.98303815803671, 73.7130345602596) ON CONFLICT (camera_id) DO NOTHING;
INSERT INTO cctv (camera_id, zone_name, latitude, longitude) VALUES ('Z1-C40', 'Zone Area 1', 19.98200701938065, 73.71199584768792) ON CONFLICT (camera_id) DO NOTHING;
INSERT INTO cctv (camera_id, zone_name, latitude, longitude) VALUES ('Z2-C1', 'Zone Area 2', 20.04895412834006, 73.80542172324245) ON CONFLICT (camera_id) DO NOTHING;
INSERT INTO cctv (camera_id, zone_name, latitude, longitude) VALUES ('Z2-C2', 'Zone Area 2', 20.04924195592776, 73.80280860036507) ON CONFLICT (camera_id) DO NOTHING;
INSERT INTO cctv (camera_id, zone_name, latitude, longitude) VALUES ('Z2-C3', 'Zone Area 2', 20.04974951559931, 73.80575000524578) ON CONFLICT (camera_id) DO NOTHING;
INSERT INTO cctv (camera_id, zone_name, latitude, longitude) VALUES ('Z2-C4', 'Zone Area 2', 20.0488500291697, 73.80303464284633) ON CONFLICT (camera_id) DO NOTHING;
INSERT INTO cctv (camera_id, zone_name, latitude, longitude) VALUES ('Z2-C5', 'Zone Area 2', 20.04896757642969, 73.80330022406486) ON CONFLICT (camera_id) DO NOTHING;
INSERT INTO cctv (camera_id, zone_name, latitude, longitude) VALUES ('Z2-C6', 'Zone Area 2', 20.04914374867577, 73.80583148508913) ON CONFLICT (camera_id) DO NOTHING;
INSERT INTO cctv (camera_id, zone_name, latitude, longitude) VALUES ('Z2-C7', 'Zone Area 2', 20.04911821453614, 73.80583799183891) ON CONFLICT (camera_id) DO NOTHING;
INSERT INTO cctv (camera_id, zone_name, latitude, longitude) VALUES ('Z2-C8', 'Zone Area 2', 20.04973964532243, 73.80563422886271) ON CONFLICT (camera_id) DO NOTHING;
INSERT INTO cctv (camera_id, zone_name, latitude, longitude) VALUES ('Z2-C9', 'Zone Area 2', 20.04862677972201, 73.80386460799889) ON CONFLICT (camera_id) DO NOTHING;
INSERT INTO cctv (camera_id, zone_name, latitude, longitude) VALUES ('Z2-C10', 'Zone Area 2', 20.04953683332644, 73.80494610848005) ON CONFLICT (camera_id) DO NOTHING;
INSERT INTO cctv (camera_id, zone_name, latitude, longitude) VALUES ('Z2-C11', 'Zone Area 2', 20.04863757779595, 73.80319575889625) ON CONFLICT (camera_id) DO NOTHING;
INSERT INTO cctv (camera_id, zone_name, latitude, longitude) VALUES ('Z2-C12', 'Zone Area 2', 20.04928323694227, 73.80559260467034) ON CONFLICT (camera_id) DO NOTHING;
INSERT INTO cctv (camera_id, zone_name, latitude, longitude) VALUES ('Z2-C13', 'Zone Area 2', 20.04893893898554, 73.80282748853753) ON CONFLICT (camera_id) DO NOTHING;
INSERT INTO cctv (camera_id, zone_name, latitude, longitude) VALUES ('Z2-C14', 'Zone Area 2', 20.04930637938942, 73.80286629608527) ON CONFLICT (camera_id) DO NOTHING;
INSERT INTO cctv (camera_id, zone_name, latitude, longitude) VALUES ('Z2-C15', 'Zone Area 2', 20.04990460192451, 73.80531237903259) ON CONFLICT (camera_id) DO NOTHING;
INSERT INTO cctv (camera_id, zone_name, latitude, longitude) VALUES ('Z2-C16', 'Zone Area 2', 20.04951755453767, 73.80366946208463) ON CONFLICT (camera_id) DO NOTHING;
INSERT INTO cctv (camera_id, zone_name, latitude, longitude) VALUES ('Z2-C17', 'Zone Area 2', 20.04928649047636, 73.80584741970367) ON CONFLICT (camera_id) DO NOTHING;
INSERT INTO cctv (camera_id, zone_name, latitude, longitude) VALUES ('Z2-C18', 'Zone Area 2', 20.04939805763822, 73.80348103194595) ON CONFLICT (camera_id) DO NOTHING;
INSERT INTO cctv (camera_id, zone_name, latitude, longitude) VALUES ('Z2-C19', 'Zone Area 2', 20.04986929598253, 73.80565649719328) ON CONFLICT (camera_id) DO NOTHING;
INSERT INTO cctv (camera_id, zone_name, latitude, longitude) VALUES ('Z2-C20', 'Zone Area 2', 20.04881365851893, 73.80423322067594) ON CONFLICT (camera_id) DO NOTHING;
INSERT INTO cctv (camera_id, zone_name, latitude, longitude) VALUES ('Z2-C21', 'Zone Area 2', 20.04875227076688, 73.80347004111688) ON CONFLICT (camera_id) DO NOTHING;
INSERT INTO cctv (camera_id, zone_name, latitude, longitude) VALUES ('Z2-C22', 'Zone Area 2', 20.0491957402137, 73.80550430268342) ON CONFLICT (camera_id) DO NOTHING;
INSERT INTO cctv (camera_id, zone_name, latitude, longitude) VALUES ('Z2-C23', 'Zone Area 2', 20.04857518240653, 73.80247386086444) ON CONFLICT (camera_id) DO NOTHING;
INSERT INTO cctv (camera_id, zone_name, latitude, longitude) VALUES ('Z2-C24', 'Zone Area 2', 20.04883532514782, 73.80289150023593) ON CONFLICT (camera_id) DO NOTHING;
INSERT INTO cctv (camera_id, zone_name, latitude, longitude) VALUES ('Z2-C25', 'Zone Area 2', 20.04872992797304, 73.80242300436186) ON CONFLICT (camera_id) DO NOTHING;
INSERT INTO cctv (camera_id, zone_name, latitude, longitude) VALUES ('Z2-C26', 'Zone Area 2', 20.04895817575524, 73.80551533496653) ON CONFLICT (camera_id) DO NOTHING;
INSERT INTO cctv (camera_id, zone_name, latitude, longitude) VALUES ('Z2-C27', 'Zone Area 2', 20.04937565183491, 73.80310511497596) ON CONFLICT (camera_id) DO NOTHING;
INSERT INTO cctv (camera_id, zone_name, latitude, longitude) VALUES ('Z2-C28', 'Zone Area 2', 20.04959007987124, 73.80474934241462) ON CONFLICT (camera_id) DO NOTHING;
INSERT INTO cctv (camera_id, zone_name, latitude, longitude) VALUES ('Z2-C29', 'Zone Area 2', 20.048897550017, 73.8026832612962) ON CONFLICT (camera_id) DO NOTHING;
INSERT INTO cctv (camera_id, zone_name, latitude, longitude) VALUES ('Z2-C30', 'Zone Area 2', 20.0487529179094, 73.80360557588448) ON CONFLICT (camera_id) DO NOTHING;
INSERT INTO cctv (camera_id, zone_name, latitude, longitude) VALUES ('Z2-C31', 'Zone Area 2', 20.04876016557668, 73.80581566654409) ON CONFLICT (camera_id) DO NOTHING;
INSERT INTO cctv (camera_id, zone_name, latitude, longitude) VALUES ('Z2-C32', 'Zone Area 2', 20.04999340251636, 73.80503272678067) ON CONFLICT (camera_id) DO NOTHING;
INSERT INTO cctv (camera_id, zone_name, latitude, longitude) VALUES ('Z2-C33', 'Zone Area 2', 20.04963723298016, 73.80399643757826) ON CONFLICT (camera_id) DO NOTHING;
INSERT INTO cctv (camera_id, zone_name, latitude, longitude) VALUES ('Z2-C34', 'Zone Area 2', 20.04862631225472, 73.80346844402602) ON CONFLICT (camera_id) DO NOTHING;
INSERT INTO cctv (camera_id, zone_name, latitude, longitude) VALUES ('Z2-C35', 'Zone Area 2', 20.04939096209374, 73.80549406505443) ON CONFLICT (camera_id) DO NOTHING;
INSERT INTO cctv (camera_id, zone_name, latitude, longitude) VALUES ('Z2-C36', 'Zone Area 2', 20.04967645015735, 73.80439556325983) ON CONFLICT (camera_id) DO NOTHING;
INSERT INTO cctv (camera_id, zone_name, latitude, longitude) VALUES ('Z2-C37', 'Zone Area 2', 20.0493884127191, 73.80469087231332) ON CONFLICT (camera_id) DO NOTHING;
INSERT INTO cctv (camera_id, zone_name, latitude, longitude) VALUES ('Z2-C38', 'Zone Area 2', 20.04849265109668, 73.8037685268397) ON CONFLICT (camera_id) DO NOTHING;
INSERT INTO cctv (camera_id, zone_name, latitude, longitude) VALUES ('Z2-C39', 'Zone Area 2', 20.04973991129205, 73.8043041370513) ON CONFLICT (camera_id) DO NOTHING;
INSERT INTO cctv (camera_id, zone_name, latitude, longitude) VALUES ('Z2-C40', 'Zone Area 2', 20.04865555319873, 73.80239201070823) ON CONFLICT (camera_id) DO NOTHING;
INSERT INTO cctv (camera_id, zone_name, latitude, longitude) VALUES ('Z3-C1', 'Zone Area 3', 20.04785657874794, 73.80022638611268) ON CONFLICT (camera_id) DO NOTHING;
INSERT INTO cctv (camera_id, zone_name, latitude, longitude) VALUES ('Z3-C2', 'Zone Area 3', 20.04809792086194, 73.79962114547837) ON CONFLICT (camera_id) DO NOTHING;
INSERT INTO cctv (camera_id, zone_name, latitude, longitude) VALUES ('Z3-C3', 'Zone Area 3', 20.04616253516392, 73.80100202417103) ON CONFLICT (camera_id) DO NOTHING;
INSERT INTO cctv (camera_id, zone_name, latitude, longitude) VALUES ('Z3-C4', 'Zone Area 3', 20.04709008494507, 73.80127101793042) ON CONFLICT (camera_id) DO NOTHING;
INSERT INTO cctv (camera_id, zone_name, latitude, longitude) VALUES ('Z3-C5', 'Zone Area 3', 20.04677845138914, 73.80144475205847) ON CONFLICT (camera_id) DO NOTHING;
INSERT INTO cctv (camera_id, zone_name, latitude, longitude) VALUES ('Z3-C6', 'Zone Area 3', 20.0466680775104, 73.80041813020546) ON CONFLICT (camera_id) DO NOTHING;
INSERT INTO cctv (camera_id, zone_name, latitude, longitude) VALUES ('Z3-C7', 'Zone Area 3', 20.04792832936218, 73.80097265066733) ON CONFLICT (camera_id) DO NOTHING;
INSERT INTO cctv (camera_id, zone_name, latitude, longitude) VALUES ('Z3-C8', 'Zone Area 3', 20.04722003532182, 73.80226491545994) ON CONFLICT (camera_id) DO NOTHING;
INSERT INTO cctv (camera_id, zone_name, latitude, longitude) VALUES ('Z3-C9', 'Zone Area 3', 20.04722434270139, 73.80135805207034) ON CONFLICT (camera_id) DO NOTHING;
INSERT INTO cctv (camera_id, zone_name, latitude, longitude) VALUES ('Z3-C10', 'Zone Area 3', 20.04749217319734, 73.80227354451993) ON CONFLICT (camera_id) DO NOTHING;
INSERT INTO cctv (camera_id, zone_name, latitude, longitude) VALUES ('Z3-C11', 'Zone Area 3', 20.04797147523073, 73.79968172639683) ON CONFLICT (camera_id) DO NOTHING;
INSERT INTO cctv (camera_id, zone_name, latitude, longitude) VALUES ('Z3-C12', 'Zone Area 3', 20.04655648856904, 73.7999996838183) ON CONFLICT (camera_id) DO NOTHING;
INSERT INTO cctv (camera_id, zone_name, latitude, longitude) VALUES ('Z3-C13', 'Zone Area 3', 20.04715670177142, 73.8004057908024) ON CONFLICT (camera_id) DO NOTHING;
INSERT INTO cctv (camera_id, zone_name, latitude, longitude) VALUES ('Z3-C14', 'Zone Area 3', 20.04812807215352, 73.80217466563211) ON CONFLICT (camera_id) DO NOTHING;
INSERT INTO cctv (camera_id, zone_name, latitude, longitude) VALUES ('Z3-C15', 'Zone Area 3', 20.04619468324715, 73.79978845464477) ON CONFLICT (camera_id) DO NOTHING;
INSERT INTO cctv (camera_id, zone_name, latitude, longitude) VALUES ('Z3-C16', 'Zone Area 3', 20.04761184183263, 73.80071814531425) ON CONFLICT (camera_id) DO NOTHING;
INSERT INTO cctv (camera_id, zone_name, latitude, longitude) VALUES ('Z3-C17', 'Zone Area 3', 20.04699875315628, 73.80184070483182) ON CONFLICT (camera_id) DO NOTHING;
INSERT INTO cctv (camera_id, zone_name, latitude, longitude) VALUES ('Z3-C18', 'Zone Area 3', 20.04805029905046, 73.80142698987932) ON CONFLICT (camera_id) DO NOTHING;
INSERT INTO cctv (camera_id, zone_name, latitude, longitude) VALUES ('Z3-C19', 'Zone Area 3', 20.04712388067444, 73.80178140109612) ON CONFLICT (camera_id) DO NOTHING;
INSERT INTO cctv (camera_id, zone_name, latitude, longitude) VALUES ('Z3-C20', 'Zone Area 3', 20.04656556012364, 73.80076299983548) ON CONFLICT (camera_id) DO NOTHING;
INSERT INTO cctv (camera_id, zone_name, latitude, longitude) VALUES ('Z3-C21', 'Zone Area 3', 20.0472511867278, 73.80001065396814) ON CONFLICT (camera_id) DO NOTHING;
INSERT INTO cctv (camera_id, zone_name, latitude, longitude) VALUES ('Z3-C22', 'Zone Area 3', 20.04754215925318, 73.80124345489047) ON CONFLICT (camera_id) DO NOTHING;
INSERT INTO cctv (camera_id, zone_name, latitude, longitude) VALUES ('Z3-C23', 'Zone Area 3', 20.04586238657153, 73.80120977221759) ON CONFLICT (camera_id) DO NOTHING;
INSERT INTO cctv (camera_id, zone_name, latitude, longitude) VALUES ('Z3-C24', 'Zone Area 3', 20.04817195854365, 73.80018470195347) ON CONFLICT (camera_id) DO NOTHING;
INSERT INTO cctv (camera_id, zone_name, latitude, longitude) VALUES ('Z3-C25', 'Zone Area 3', 20.04599636962502, 73.79976146516567) ON CONFLICT (camera_id) DO NOTHING;
INSERT INTO cctv (camera_id, zone_name, latitude, longitude) VALUES ('Z3-C26', 'Zone Area 3', 20.04830063245106, 73.80039564090087) ON CONFLICT (camera_id) DO NOTHING;
INSERT INTO cctv (camera_id, zone_name, latitude, longitude) VALUES ('Z3-C27', 'Zone Area 3', 20.04687534786955, 73.79969833719402) ON CONFLICT (camera_id) DO NOTHING;
INSERT INTO cctv (camera_id, zone_name, latitude, longitude) VALUES ('Z3-C28', 'Zone Area 3', 20.04828620817657, 73.8005532326599) ON CONFLICT (camera_id) DO NOTHING;
INSERT INTO cctv (camera_id, zone_name, latitude, longitude) VALUES ('Z3-C29', 'Zone Area 3', 20.04775249294302, 73.80092396485088) ON CONFLICT (camera_id) DO NOTHING;
INSERT INTO cctv (camera_id, zone_name, latitude, longitude) VALUES ('Z3-C30', 'Zone Area 3', 20.0482323125754, 73.80201572896587) ON CONFLICT (camera_id) DO NOTHING;
INSERT INTO cctv (camera_id, zone_name, latitude, longitude) VALUES ('Z3-C31', 'Zone Area 3', 20.04590671937476, 73.80115945450697) ON CONFLICT (camera_id) DO NOTHING;
INSERT INTO cctv (camera_id, zone_name, latitude, longitude) VALUES ('Z3-C32', 'Zone Area 3', 20.04620726094282, 73.8012501891399) ON CONFLICT (camera_id) DO NOTHING;
INSERT INTO cctv (camera_id, zone_name, latitude, longitude) VALUES ('Z3-C33', 'Zone Area 3', 20.04831623632095, 73.80102351491593) ON CONFLICT (camera_id) DO NOTHING;
INSERT INTO cctv (camera_id, zone_name, latitude, longitude) VALUES ('Z3-C34', 'Zone Area 3', 20.04650773878786, 73.80038516681525) ON CONFLICT (camera_id) DO NOTHING;
INSERT INTO cctv (camera_id, zone_name, latitude, longitude) VALUES ('Z3-C35', 'Zone Area 3', 20.04704087192958, 73.80057385189025) ON CONFLICT (camera_id) DO NOTHING;
INSERT INTO cctv (camera_id, zone_name, latitude, longitude) VALUES ('Z3-C36', 'Zone Area 3', 20.04817967209916, 73.80040581830472) ON CONFLICT (camera_id) DO NOTHING;
INSERT INTO cctv (camera_id, zone_name, latitude, longitude) VALUES ('Z3-C37', 'Zone Area 3', 20.04772796830904, 73.80068598109855) ON CONFLICT (camera_id) DO NOTHING;
INSERT INTO cctv (camera_id, zone_name, latitude, longitude) VALUES ('Z3-C38', 'Zone Area 3', 20.04665503940614, 73.80166562144213) ON CONFLICT (camera_id) DO NOTHING;
INSERT INTO cctv (camera_id, zone_name, latitude, longitude) VALUES ('Z3-C39', 'Zone Area 3', 20.04694114487031, 73.80146418913161) ON CONFLICT (camera_id) DO NOTHING;
INSERT INTO cctv (camera_id, zone_name, latitude, longitude) VALUES ('Z3-C40', 'Zone Area 3', 20.04639335254922, 73.79943678487244) ON CONFLICT (camera_id) DO NOTHING;
INSERT INTO cctv (camera_id, zone_name, latitude, longitude) VALUES ('Z4-C1', 'Zone Area 4', 20.05370321094457, 73.79533531725096) ON CONFLICT (camera_id) DO NOTHING;
INSERT INTO cctv (camera_id, zone_name, latitude, longitude) VALUES ('Z4-C2', 'Zone Area 4', 20.053655344976, 73.7946834174199) ON CONFLICT (camera_id) DO NOTHING;
INSERT INTO cctv (camera_id, zone_name, latitude, longitude) VALUES ('Z4-C3', 'Zone Area 4', 20.0513323457306, 73.79896762467065) ON CONFLICT (camera_id) DO NOTHING;
INSERT INTO cctv (camera_id, zone_name, latitude, longitude) VALUES ('Z4-C4', 'Zone Area 4', 20.05042754261558, 73.79320309781136) ON CONFLICT (camera_id) DO NOTHING;
INSERT INTO cctv (camera_id, zone_name, latitude, longitude) VALUES ('Z4-C5', 'Zone Area 4', 20.05387915353572, 73.79240331016763) ON CONFLICT (camera_id) DO NOTHING;
INSERT INTO cctv (camera_id, zone_name, latitude, longitude) VALUES ('Z4-C6', 'Zone Area 4', 20.05341704410006, 73.79280346081872) ON CONFLICT (camera_id) DO NOTHING;
INSERT INTO cctv (camera_id, zone_name, latitude, longitude) VALUES ('Z4-C7', 'Zone Area 4', 20.05397708304649, 73.79771055042295) ON CONFLICT (camera_id) DO NOTHING;
INSERT INTO cctv (camera_id, zone_name, latitude, longitude) VALUES ('Z4-C8', 'Zone Area 4', 20.05366151791788, 73.79239486943017) ON CONFLICT (camera_id) DO NOTHING;
INSERT INTO cctv (camera_id, zone_name, latitude, longitude) VALUES ('Z4-C9', 'Zone Area 4', 20.04997589869965, 73.79912567316963) ON CONFLICT (camera_id) DO NOTHING;
INSERT INTO cctv (camera_id, zone_name, latitude, longitude) VALUES ('Z4-C10', 'Zone Area 4', 20.04993046270963, 73.7947090142297) ON CONFLICT (camera_id) DO NOTHING;
INSERT INTO cctv (camera_id, zone_name, latitude, longitude) VALUES ('Z4-C11', 'Zone Area 4', 20.05446187508877, 73.79706197947327) ON CONFLICT (camera_id) DO NOTHING;
INSERT INTO cctv (camera_id, zone_name, latitude, longitude) VALUES ('Z4-C12', 'Zone Area 4', 20.05382631470979, 73.79733691619057) ON CONFLICT (camera_id) DO NOTHING;
INSERT INTO cctv (camera_id, zone_name, latitude, longitude) VALUES ('Z4-C13', 'Zone Area 4', 20.04951335741172, 73.79774520441852) ON CONFLICT (camera_id) DO NOTHING;
INSERT INTO cctv (camera_id, zone_name, latitude, longitude) VALUES ('Z4-C14', 'Zone Area 4', 20.05396035266759, 73.79355981334808) ON CONFLICT (camera_id) DO NOTHING;
INSERT INTO cctv (camera_id, zone_name, latitude, longitude) VALUES ('Z4-C15', 'Zone Area 4', 20.05444982908979, 73.79430976947779) ON CONFLICT (camera_id) DO NOTHING;
INSERT INTO cctv (camera_id, zone_name, latitude, longitude) VALUES ('Z4-C16', 'Zone Area 4', 20.05389344717838, 73.79852031825777) ON CONFLICT (camera_id) DO NOTHING;
INSERT INTO cctv (camera_id, zone_name, latitude, longitude) VALUES ('Z4-C17', 'Zone Area 4', 20.05082683413876, 73.79408708175808) ON CONFLICT (camera_id) DO NOTHING;
INSERT INTO cctv (camera_id, zone_name, latitude, longitude) VALUES ('Z4-C18', 'Zone Area 4', 20.0520058032629, 73.7976497161334) ON CONFLICT (camera_id) DO NOTHING;
INSERT INTO cctv (camera_id, zone_name, latitude, longitude) VALUES ('Z4-C19', 'Zone Area 4', 20.0509341907915, 73.79664673856607) ON CONFLICT (camera_id) DO NOTHING;
INSERT INTO cctv (camera_id, zone_name, latitude, longitude) VALUES ('Z4-C20', 'Zone Area 4', 20.05262284610638, 73.79658285283607) ON CONFLICT (camera_id) DO NOTHING;
INSERT INTO cctv (camera_id, zone_name, latitude, longitude) VALUES ('Z4-C21', 'Zone Area 4', 20.05448284047341, 73.7908417097406) ON CONFLICT (camera_id) DO NOTHING;
INSERT INTO cctv (camera_id, zone_name, latitude, longitude) VALUES ('Z4-C22', 'Zone Area 4', 20.05347153807729, 73.79449593795746) ON CONFLICT (camera_id) DO NOTHING;
INSERT INTO cctv (camera_id, zone_name, latitude, longitude) VALUES ('Z4-C23', 'Zone Area 4', 20.0525678197072, 73.79508653388436) ON CONFLICT (camera_id) DO NOTHING;
INSERT INTO cctv (camera_id, zone_name, latitude, longitude) VALUES ('Z4-C24', 'Zone Area 4', 20.05392878789098, 73.79879400756342) ON CONFLICT (camera_id) DO NOTHING;
INSERT INTO cctv (camera_id, zone_name, latitude, longitude) VALUES ('Z4-C25', 'Zone Area 4', 20.05128272518252, 73.79438844858859) ON CONFLICT (camera_id) DO NOTHING;
INSERT INTO cctv (camera_id, zone_name, latitude, longitude) VALUES ('Z4-C26', 'Zone Area 4', 20.05415744418878, 73.79726588944065) ON CONFLICT (camera_id) DO NOTHING;
INSERT INTO cctv (camera_id, zone_name, latitude, longitude) VALUES ('Z4-C27', 'Zone Area 4', 20.05012900720114, 73.79765649885513) ON CONFLICT (camera_id) DO NOTHING;
INSERT INTO cctv (camera_id, zone_name, latitude, longitude) VALUES ('Z4-C28', 'Zone Area 4', 20.05051481817652, 73.79556887464813) ON CONFLICT (camera_id) DO NOTHING;
INSERT INTO cctv (camera_id, zone_name, latitude, longitude) VALUES ('Z4-C29', 'Zone Area 4', 20.05068489862666, 73.79537301371559) ON CONFLICT (camera_id) DO NOTHING;
INSERT INTO cctv (camera_id, zone_name, latitude, longitude) VALUES ('Z4-C30', 'Zone Area 4', 20.05173126579088, 73.7935303659455) ON CONFLICT (camera_id) DO NOTHING;
INSERT INTO cctv (camera_id, zone_name, latitude, longitude) VALUES ('Z4-C31', 'Zone Area 4', 20.05349065561496, 73.79744747423693) ON CONFLICT (camera_id) DO NOTHING;
INSERT INTO cctv (camera_id, zone_name, latitude, longitude) VALUES ('Z4-C32', 'Zone Area 4', 20.05200307468636, 73.79768024533725) ON CONFLICT (camera_id) DO NOTHING;
INSERT INTO cctv (camera_id, zone_name, latitude, longitude) VALUES ('Z4-C33', 'Zone Area 4', 20.05209637794215, 73.79677760821261) ON CONFLICT (camera_id) DO NOTHING;
INSERT INTO cctv (camera_id, zone_name, latitude, longitude) VALUES ('Z4-C34', 'Zone Area 4', 20.05362328547276, 73.7921829535302) ON CONFLICT (camera_id) DO NOTHING;
INSERT INTO cctv (camera_id, zone_name, latitude, longitude) VALUES ('Z4-C35', 'Zone Area 4', 20.04967282067959, 73.79316285436177) ON CONFLICT (camera_id) DO NOTHING;
INSERT INTO cctv (camera_id, zone_name, latitude, longitude) VALUES ('Z4-C36', 'Zone Area 4', 20.05494879215328, 73.7922577864358) ON CONFLICT (camera_id) DO NOTHING;
INSERT INTO cctv (camera_id, zone_name, latitude, longitude) VALUES ('Z4-C37', 'Zone Area 4', 20.05369624153128, 73.7984978720349) ON CONFLICT (camera_id) DO NOTHING;
INSERT INTO cctv (camera_id, zone_name, latitude, longitude) VALUES ('Z4-C38', 'Zone Area 4', 20.05016200077539, 73.79729458930382) ON CONFLICT (camera_id) DO NOTHING;
INSERT INTO cctv (camera_id, zone_name, latitude, longitude) VALUES ('Z4-C39', 'Zone Area 4', 20.05124201137413, 73.79830487191742) ON CONFLICT (camera_id) DO NOTHING;
INSERT INTO cctv (camera_id, zone_name, latitude, longitude) VALUES ('Z4-C40', 'Zone Area 4', 20.05143487913536, 73.79567205339788) ON CONFLICT (camera_id) DO NOTHING;
INSERT INTO cctv (camera_id, zone_name, latitude, longitude) VALUES ('Z5-C1', 'Zone Area 5', 19.92836461465719, 73.71922600851256) ON CONFLICT (camera_id) DO NOTHING;
INSERT INTO cctv (camera_id, zone_name, latitude, longitude) VALUES ('Z5-C2', 'Zone Area 5', 19.92995412623497, 73.71939347233139) ON CONFLICT (camera_id) DO NOTHING;
INSERT INTO cctv (camera_id, zone_name, latitude, longitude) VALUES ('Z5-C3', 'Zone Area 5', 19.9296153615649, 73.71792404545788) ON CONFLICT (camera_id) DO NOTHING;
INSERT INTO cctv (camera_id, zone_name, latitude, longitude) VALUES ('Z5-C4', 'Zone Area 5', 19.92975060476192, 73.71753625857988) ON CONFLICT (camera_id) DO NOTHING;
INSERT INTO cctv (camera_id, zone_name, latitude, longitude) VALUES ('Z5-C5', 'Zone Area 5', 19.93239265190962, 73.71743835534404) ON CONFLICT (camera_id) DO NOTHING;
INSERT INTO cctv (camera_id, zone_name, latitude, longitude) VALUES ('Z5-C6', 'Zone Area 5', 19.92865450072049, 73.71836419727295) ON CONFLICT (camera_id) DO NOTHING;
INSERT INTO cctv (camera_id, zone_name, latitude, longitude) VALUES ('Z5-C7', 'Zone Area 5', 19.92825561481414, 73.71813251114332) ON CONFLICT (camera_id) DO NOTHING;
INSERT INTO cctv (camera_id, zone_name, latitude, longitude) VALUES ('Z5-C8', 'Zone Area 5', 19.93013933917017, 73.71786690465554) ON CONFLICT (camera_id) DO NOTHING;
INSERT INTO cctv (camera_id, zone_name, latitude, longitude) VALUES ('Z5-C9', 'Zone Area 5', 19.93092534616887, 73.71787152454652) ON CONFLICT (camera_id) DO NOTHING;
INSERT INTO cctv (camera_id, zone_name, latitude, longitude) VALUES ('Z5-C10', 'Zone Area 5', 19.93022369783949, 73.71769834997717) ON CONFLICT (camera_id) DO NOTHING;
INSERT INTO cctv (camera_id, zone_name, latitude, longitude) VALUES ('Z5-C11', 'Zone Area 5', 19.92923308028485, 73.71919053922298) ON CONFLICT (camera_id) DO NOTHING;
INSERT INTO cctv (camera_id, zone_name, latitude, longitude) VALUES ('Z5-C12', 'Zone Area 5', 19.92959838044938, 73.71955408263706) ON CONFLICT (camera_id) DO NOTHING;
INSERT INTO cctv (camera_id, zone_name, latitude, longitude) VALUES ('Z5-C13', 'Zone Area 5', 19.92789509663131, 73.71842495768372) ON CONFLICT (camera_id) DO NOTHING;
INSERT INTO cctv (camera_id, zone_name, latitude, longitude) VALUES ('Z5-C14', 'Zone Area 5', 19.92999715276152, 73.71889743819463) ON CONFLICT (camera_id) DO NOTHING;
INSERT INTO cctv (camera_id, zone_name, latitude, longitude) VALUES ('Z5-C15', 'Zone Area 5', 19.92880459675987, 73.71957714679296) ON CONFLICT (camera_id) DO NOTHING;
INSERT INTO cctv (camera_id, zone_name, latitude, longitude) VALUES ('Z5-C16', 'Zone Area 5', 19.92937143493254, 73.71781638131182) ON CONFLICT (camera_id) DO NOTHING;
INSERT INTO cctv (camera_id, zone_name, latitude, longitude) VALUES ('Z5-C17', 'Zone Area 5', 19.93181084393972, 73.71735419710473) ON CONFLICT (camera_id) DO NOTHING;
INSERT INTO cctv (camera_id, zone_name, latitude, longitude) VALUES ('Z5-C18', 'Zone Area 5', 19.92889403533261, 73.71776785169733) ON CONFLICT (camera_id) DO NOTHING;
INSERT INTO cctv (camera_id, zone_name, latitude, longitude) VALUES ('Z5-C19', 'Zone Area 5', 19.93244078507078, 73.71741749577303) ON CONFLICT (camera_id) DO NOTHING;
INSERT INTO cctv (camera_id, zone_name, latitude, longitude) VALUES ('Z5-C20', 'Zone Area 5', 19.93037692851228, 73.71816393914513) ON CONFLICT (camera_id) DO NOTHING;
INSERT INTO cctv (camera_id, zone_name, latitude, longitude) VALUES ('Z5-C21', 'Zone Area 5', 19.93060417171487, 73.71868461535325) ON CONFLICT (camera_id) DO NOTHING;
INSERT INTO cctv (camera_id, zone_name, latitude, longitude) VALUES ('Z5-C22', 'Zone Area 5', 19.92879836681133, 73.7196982254862) ON CONFLICT (camera_id) DO NOTHING;
INSERT INTO cctv (camera_id, zone_name, latitude, longitude) VALUES ('Z5-C23', 'Zone Area 5', 19.92955748799491, 73.71723117970653) ON CONFLICT (camera_id) DO NOTHING;
INSERT INTO cctv (camera_id, zone_name, latitude, longitude) VALUES ('Z5-C24', 'Zone Area 5', 19.93061279567142, 73.71840323549213) ON CONFLICT (camera_id) DO NOTHING;
INSERT INTO cctv (camera_id, zone_name, latitude, longitude) VALUES ('Z5-C25', 'Zone Area 5', 19.9293901469567, 73.7175203518115) ON CONFLICT (camera_id) DO NOTHING;
INSERT INTO cctv (camera_id, zone_name, latitude, longitude) VALUES ('Z5-C26', 'Zone Area 5', 19.93029348143826, 73.71901038650158) ON CONFLICT (camera_id) DO NOTHING;
INSERT INTO cctv (camera_id, zone_name, latitude, longitude) VALUES ('Z5-C27', 'Zone Area 5', 19.93041601555689, 73.71763435717881) ON CONFLICT (camera_id) DO NOTHING;
INSERT INTO cctv (camera_id, zone_name, latitude, longitude) VALUES ('Z5-C28', 'Zone Area 5', 19.92854542356682, 73.71863869821999) ON CONFLICT (camera_id) DO NOTHING;
INSERT INTO cctv (camera_id, zone_name, latitude, longitude) VALUES ('Z5-C29', 'Zone Area 5', 19.93120210414182, 73.71779464759189) ON CONFLICT (camera_id) DO NOTHING;
INSERT INTO cctv (camera_id, zone_name, latitude, longitude) VALUES ('Z5-C30', 'Zone Area 5', 19.93004452510972, 73.71948874287992) ON CONFLICT (camera_id) DO NOTHING;
INSERT INTO cctv (camera_id, zone_name, latitude, longitude) VALUES ('Z5-C31', 'Zone Area 5', 19.93100581451158, 73.71805209322245) ON CONFLICT (camera_id) DO NOTHING;
INSERT INTO cctv (camera_id, zone_name, latitude, longitude) VALUES ('Z5-C32', 'Zone Area 5', 19.93198579841351, 73.717640031399) ON CONFLICT (camera_id) DO NOTHING;
INSERT INTO cctv (camera_id, zone_name, latitude, longitude) VALUES ('Z5-C33', 'Zone Area 5', 19.9293998734925, 73.71792218343028) ON CONFLICT (camera_id) DO NOTHING;
INSERT INTO cctv (camera_id, zone_name, latitude, longitude) VALUES ('Z5-C34', 'Zone Area 5', 19.92869347444163, 73.71751276843108) ON CONFLICT (camera_id) DO NOTHING;
INSERT INTO cctv (camera_id, zone_name, latitude, longitude) VALUES ('Z5-C35', 'Zone Area 5', 19.92847423487124, 73.71838376427272) ON CONFLICT (camera_id) DO NOTHING;
INSERT INTO cctv (camera_id, zone_name, latitude, longitude) VALUES ('Z5-C36', 'Zone Area 5', 19.92889517739665, 73.71912696200866) ON CONFLICT (camera_id) DO NOTHING;
INSERT INTO cctv (camera_id, zone_name, latitude, longitude) VALUES ('Z5-C37', 'Zone Area 5', 19.92978065786748, 73.71858921836159) ON CONFLICT (camera_id) DO NOTHING;
INSERT INTO cctv (camera_id, zone_name, latitude, longitude) VALUES ('Z5-C38', 'Zone Area 5', 19.92858733371991, 73.71791594558653) ON CONFLICT (camera_id) DO NOTHING;
INSERT INTO cctv (camera_id, zone_name, latitude, longitude) VALUES ('Z5-C39', 'Zone Area 5', 19.92870999547118, 73.71769744688199) ON CONFLICT (camera_id) DO NOTHING;
INSERT INTO cctv (camera_id, zone_name, latitude, longitude) VALUES ('Z5-C40', 'Zone Area 5', 19.92981434446591, 73.7199069409187) ON CONFLICT (camera_id) DO NOTHING;
INSERT INTO cctv (camera_id, zone_name, latitude, longitude) VALUES ('Z6-C1', 'Zone Area 6', 20.00044188721661, 73.86251551802904) ON CONFLICT (camera_id) DO NOTHING;
INSERT INTO cctv (camera_id, zone_name, latitude, longitude) VALUES ('Z6-C2', 'Zone Area 6', 20.00026570557181, 73.8623686528747) ON CONFLICT (camera_id) DO NOTHING;
INSERT INTO cctv (camera_id, zone_name, latitude, longitude) VALUES ('Z6-C3', 'Zone Area 6', 20.00097434689946, 73.86119915406151) ON CONFLICT (camera_id) DO NOTHING;
INSERT INTO cctv (camera_id, zone_name, latitude, longitude) VALUES ('Z6-C4', 'Zone Area 6', 20.00053816802006, 73.86241368764674) ON CONFLICT (camera_id) DO NOTHING;
INSERT INTO cctv (camera_id, zone_name, latitude, longitude) VALUES ('Z6-C5', 'Zone Area 6', 20.0015596000572, 73.86118023523808) ON CONFLICT (camera_id) DO NOTHING;
INSERT INTO cctv (camera_id, zone_name, latitude, longitude) VALUES ('Z6-C6', 'Zone Area 6', 20.00125719851414, 73.8648571168424) ON CONFLICT (camera_id) DO NOTHING;
INSERT INTO cctv (camera_id, zone_name, latitude, longitude) VALUES ('Z6-C7', 'Zone Area 6', 20.00164383465344, 73.86237836135828) ON CONFLICT (camera_id) DO NOTHING;
INSERT INTO cctv (camera_id, zone_name, latitude, longitude) VALUES ('Z6-C8', 'Zone Area 6', 20.00111761193191, 73.86433092026348) ON CONFLICT (camera_id) DO NOTHING;
INSERT INTO cctv (camera_id, zone_name, latitude, longitude) VALUES ('Z6-C9', 'Zone Area 6', 20.00148160263415, 73.8644362682891) ON CONFLICT (camera_id) DO NOTHING;
INSERT INTO cctv (camera_id, zone_name, latitude, longitude) VALUES ('Z6-C10', 'Zone Area 6', 20.00109760329698, 73.86337048192603) ON CONFLICT (camera_id) DO NOTHING;
INSERT INTO cctv (camera_id, zone_name, latitude, longitude) VALUES ('Z6-C11', 'Zone Area 6', 19.99983190412278, 73.86249681846026) ON CONFLICT (camera_id) DO NOTHING;
INSERT INTO cctv (camera_id, zone_name, latitude, longitude) VALUES ('Z6-C12', 'Zone Area 6', 20.00133834518274, 73.86332872187073) ON CONFLICT (camera_id) DO NOTHING;
INSERT INTO cctv (camera_id, zone_name, latitude, longitude) VALUES ('Z6-C13', 'Zone Area 6', 19.99985032612918, 73.86272690803922) ON CONFLICT (camera_id) DO NOTHING;
INSERT INTO cctv (camera_id, zone_name, latitude, longitude) VALUES ('Z6-C14', 'Zone Area 6', 20.00062665622987, 73.86335875547778) ON CONFLICT (camera_id) DO NOTHING;
INSERT INTO cctv (camera_id, zone_name, latitude, longitude) VALUES ('Z6-C15', 'Zone Area 6', 20.00087216069206, 73.86322547807211) ON CONFLICT (camera_id) DO NOTHING;
INSERT INTO cctv (camera_id, zone_name, latitude, longitude) VALUES ('Z6-C16', 'Zone Area 6', 20.00177527367019, 73.86430420238433) ON CONFLICT (camera_id) DO NOTHING;
INSERT INTO cctv (camera_id, zone_name, latitude, longitude) VALUES ('Z6-C17', 'Zone Area 6', 20.00057164450836, 73.86590261394011) ON CONFLICT (camera_id) DO NOTHING;
INSERT INTO cctv (camera_id, zone_name, latitude, longitude) VALUES ('Z6-C18', 'Zone Area 6', 20.00076221771759, 73.86528434155122) ON CONFLICT (camera_id) DO NOTHING;
INSERT INTO cctv (camera_id, zone_name, latitude, longitude) VALUES ('Z6-C19', 'Zone Area 6', 20.00129720284806, 73.86281591365969) ON CONFLICT (camera_id) DO NOTHING;
INSERT INTO cctv (camera_id, zone_name, latitude, longitude) VALUES ('Z6-C20', 'Zone Area 6', 20.00014985131975, 73.86603301800078) ON CONFLICT (camera_id) DO NOTHING;
INSERT INTO cctv (camera_id, zone_name, latitude, longitude) VALUES ('Z6-C21', 'Zone Area 6', 20.00134120244215, 73.86557820098486) ON CONFLICT (camera_id) DO NOTHING;
INSERT INTO cctv (camera_id, zone_name, latitude, longitude) VALUES ('Z6-C22', 'Zone Area 6', 20.00004494637437, 73.86254744995132) ON CONFLICT (camera_id) DO NOTHING;
INSERT INTO cctv (camera_id, zone_name, latitude, longitude) VALUES ('Z6-C23', 'Zone Area 6', 20.00107762214107, 73.86117530748712) ON CONFLICT (camera_id) DO NOTHING;
INSERT INTO cctv (camera_id, zone_name, latitude, longitude) VALUES ('Z6-C24', 'Zone Area 6', 20.0008457110733, 73.86496859761526) ON CONFLICT (camera_id) DO NOTHING;
INSERT INTO cctv (camera_id, zone_name, latitude, longitude) VALUES ('Z6-C25', 'Zone Area 6', 20.00071832076105, 73.8647172381832) ON CONFLICT (camera_id) DO NOTHING;
INSERT INTO cctv (camera_id, zone_name, latitude, longitude) VALUES ('Z6-C26', 'Zone Area 6', 20.00022296483102, 73.86280766629733) ON CONFLICT (camera_id) DO NOTHING;
INSERT INTO cctv (camera_id, zone_name, latitude, longitude) VALUES ('Z6-C27', 'Zone Area 6', 20.00131394035777, 73.8640796468124) ON CONFLICT (camera_id) DO NOTHING;
INSERT INTO cctv (camera_id, zone_name, latitude, longitude) VALUES ('Z6-C28', 'Zone Area 6', 20.00132162599128, 73.8647108975096) ON CONFLICT (camera_id) DO NOTHING;
INSERT INTO cctv (camera_id, zone_name, latitude, longitude) VALUES ('Z6-C29', 'Zone Area 6', 20.0015005111932, 73.86473069824537) ON CONFLICT (camera_id) DO NOTHING;
INSERT INTO cctv (camera_id, zone_name, latitude, longitude) VALUES ('Z6-C30', 'Zone Area 6', 20.00092456717052, 73.86365356481105) ON CONFLICT (camera_id) DO NOTHING;
INSERT INTO cctv (camera_id, zone_name, latitude, longitude) VALUES ('Z6-C31', 'Zone Area 6', 20.00088058130823, 73.86546671587269) ON CONFLICT (camera_id) DO NOTHING;
INSERT INTO cctv (camera_id, zone_name, latitude, longitude) VALUES ('Z6-C32', 'Zone Area 6', 20.00075771234614, 73.86470795591943) ON CONFLICT (camera_id) DO NOTHING;
INSERT INTO cctv (camera_id, zone_name, latitude, longitude) VALUES ('Z6-C33', 'Zone Area 6', 20.00070523376171, 73.86274575072476) ON CONFLICT (camera_id) DO NOTHING;
INSERT INTO cctv (camera_id, zone_name, latitude, longitude) VALUES ('Z6-C34', 'Zone Area 6', 20.00112659882235, 73.8622147976428) ON CONFLICT (camera_id) DO NOTHING;
INSERT INTO cctv (camera_id, zone_name, latitude, longitude) VALUES ('Z6-C35', 'Zone Area 6', 20.00161438508307, 73.8642278328416) ON CONFLICT (camera_id) DO NOTHING;
INSERT INTO cctv (camera_id, zone_name, latitude, longitude) VALUES ('Z6-C36', 'Zone Area 6', 20.00005168953425, 73.86506819432398) ON CONFLICT (camera_id) DO NOTHING;
INSERT INTO cctv (camera_id, zone_name, latitude, longitude) VALUES ('Z6-C37', 'Zone Area 6', 20.00157286526376, 73.86518913116551) ON CONFLICT (camera_id) DO NOTHING;
INSERT INTO cctv (camera_id, zone_name, latitude, longitude) VALUES ('Z6-C38', 'Zone Area 6', 20.00104475734928, 73.86305889938401) ON CONFLICT (camera_id) DO NOTHING;
INSERT INTO cctv (camera_id, zone_name, latitude, longitude) VALUES ('Z6-C39', 'Zone Area 6', 20.00028517466647, 73.86562626762566) ON CONFLICT (camera_id) DO NOTHING;
INSERT INTO cctv (camera_id, zone_name, latitude, longitude) VALUES ('Z6-C40', 'Zone Area 6', 20.00028343705824, 73.86244777482922) ON CONFLICT (camera_id) DO NOTHING;
INSERT INTO cctv (camera_id, zone_name, latitude, longitude) VALUES ('Z7-C1', 'Zone Area 7', 20.04883260858922, 73.88074315733087) ON CONFLICT (camera_id) DO NOTHING;
INSERT INTO cctv (camera_id, zone_name, latitude, longitude) VALUES ('Z7-C2', 'Zone Area 7', 20.04893040709484, 73.88334405840763) ON CONFLICT (camera_id) DO NOTHING;
INSERT INTO cctv (camera_id, zone_name, latitude, longitude) VALUES ('Z7-C3', 'Zone Area 7', 20.05061327205886, 73.88200737155131) ON CONFLICT (camera_id) DO NOTHING;
INSERT INTO cctv (camera_id, zone_name, latitude, longitude) VALUES ('Z7-C4', 'Zone Area 7', 20.04905205911719, 73.8820070591153) ON CONFLICT (camera_id) DO NOTHING;
INSERT INTO cctv (camera_id, zone_name, latitude, longitude) VALUES ('Z7-C5', 'Zone Area 7', 20.05165622670997, 73.8818385046694) ON CONFLICT (camera_id) DO NOTHING;
INSERT INTO cctv (camera_id, zone_name, latitude, longitude) VALUES ('Z7-C6', 'Zone Area 7', 20.05057553674375, 73.8844463571564) ON CONFLICT (camera_id) DO NOTHING;
INSERT INTO cctv (camera_id, zone_name, latitude, longitude) VALUES ('Z7-C7', 'Zone Area 7', 20.05135416692149, 73.88435328862671) ON CONFLICT (camera_id) DO NOTHING;
INSERT INTO cctv (camera_id, zone_name, latitude, longitude) VALUES ('Z7-C8', 'Zone Area 7', 20.04878704141353, 73.88102255291304) ON CONFLICT (camera_id) DO NOTHING;
INSERT INTO cctv (camera_id, zone_name, latitude, longitude) VALUES ('Z7-C9', 'Zone Area 7', 20.05157480556726, 73.88130894474331) ON CONFLICT (camera_id) DO NOTHING;
INSERT INTO cctv (camera_id, zone_name, latitude, longitude) VALUES ('Z7-C10', 'Zone Area 7', 20.05042976841559, 73.88130753145565) ON CONFLICT (camera_id) DO NOTHING;
INSERT INTO cctv (camera_id, zone_name, latitude, longitude) VALUES ('Z7-C11', 'Zone Area 7', 20.04926529796678, 73.88211550749784) ON CONFLICT (camera_id) DO NOTHING;
INSERT INTO cctv (camera_id, zone_name, latitude, longitude) VALUES ('Z7-C12', 'Zone Area 7', 20.05145416743075, 73.88295905803542) ON CONFLICT (camera_id) DO NOTHING;
INSERT INTO cctv (camera_id, zone_name, latitude, longitude) VALUES ('Z7-C13', 'Zone Area 7', 20.05210913658665, 73.88178608632317) ON CONFLICT (camera_id) DO NOTHING;
INSERT INTO cctv (camera_id, zone_name, latitude, longitude) VALUES ('Z7-C14', 'Zone Area 7', 20.05086952106577, 73.88452054458821) ON CONFLICT (camera_id) DO NOTHING;
INSERT INTO cctv (camera_id, zone_name, latitude, longitude) VALUES ('Z7-C15', 'Zone Area 7', 20.04874267207288, 73.8830395992129) ON CONFLICT (camera_id) DO NOTHING;
INSERT INTO cctv (camera_id, zone_name, latitude, longitude) VALUES ('Z7-C16', 'Zone Area 7', 20.04881381058375, 73.88239764192082) ON CONFLICT (camera_id) DO NOTHING;
INSERT INTO cctv (camera_id, zone_name, latitude, longitude) VALUES ('Z7-C17', 'Zone Area 7', 20.04939238730082, 73.88274573325441) ON CONFLICT (camera_id) DO NOTHING;
INSERT INTO cctv (camera_id, zone_name, latitude, longitude) VALUES ('Z7-C18', 'Zone Area 7', 20.05009416736643, 73.87977759950306) ON CONFLICT (camera_id) DO NOTHING;
INSERT INTO cctv (camera_id, zone_name, latitude, longitude) VALUES ('Z7-C19', 'Zone Area 7', 20.05041582868603, 73.88188138136404) ON CONFLICT (camera_id) DO NOTHING;
INSERT INTO cctv (camera_id, zone_name, latitude, longitude) VALUES ('Z7-C20', 'Zone Area 7', 20.05122217755047, 73.88279025290241) ON CONFLICT (camera_id) DO NOTHING;
INSERT INTO cctv (camera_id, zone_name, latitude, longitude) VALUES ('Z7-C21', 'Zone Area 7', 20.05036024361222, 73.88273845930176) ON CONFLICT (camera_id) DO NOTHING;
INSERT INTO cctv (camera_id, zone_name, latitude, longitude) VALUES ('Z7-C22', 'Zone Area 7', 20.05037440768674, 73.88285848950055) ON CONFLICT (camera_id) DO NOTHING;
INSERT INTO cctv (camera_id, zone_name, latitude, longitude) VALUES ('Z7-C23', 'Zone Area 7', 20.05127302875699, 73.88193063071677) ON CONFLICT (camera_id) DO NOTHING;
INSERT INTO cctv (camera_id, zone_name, latitude, longitude) VALUES ('Z7-C24', 'Zone Area 7', 20.05114772721636, 73.88364658763263) ON CONFLICT (camera_id) DO NOTHING;
INSERT INTO cctv (camera_id, zone_name, latitude, longitude) VALUES ('Z7-C25', 'Zone Area 7', 20.05089943830792, 73.88359119604719) ON CONFLICT (camera_id) DO NOTHING;
INSERT INTO cctv (camera_id, zone_name, latitude, longitude) VALUES ('Z7-C26', 'Zone Area 7', 20.04954046609772, 73.88262996723785) ON CONFLICT (camera_id) DO NOTHING;
INSERT INTO cctv (camera_id, zone_name, latitude, longitude) VALUES ('Z7-C27', 'Zone Area 7', 20.05272227069089, 73.88223823431346) ON CONFLICT (camera_id) DO NOTHING;
INSERT INTO cctv (camera_id, zone_name, latitude, longitude) VALUES ('Z7-C28', 'Zone Area 7', 20.05004237482364, 73.88116810001137) ON CONFLICT (camera_id) DO NOTHING;
INSERT INTO cctv (camera_id, zone_name, latitude, longitude) VALUES ('Z7-C29', 'Zone Area 7', 20.05121457750578, 73.88426338425359) ON CONFLICT (camera_id) DO NOTHING;
INSERT INTO cctv (camera_id, zone_name, latitude, longitude) VALUES ('Z7-C30', 'Zone Area 7', 20.04973296338183, 73.8841302222632) ON CONFLICT (camera_id) DO NOTHING;
INSERT INTO cctv (camera_id, zone_name, latitude, longitude) VALUES ('Z7-C31', 'Zone Area 7', 20.04925392683799, 73.88289556417962) ON CONFLICT (camera_id) DO NOTHING;
INSERT INTO cctv (camera_id, zone_name, latitude, longitude) VALUES ('Z7-C32', 'Zone Area 7', 20.05020803671649, 73.8845735072003) ON CONFLICT (camera_id) DO NOTHING;
INSERT INTO cctv (camera_id, zone_name, latitude, longitude) VALUES ('Z7-C33', 'Zone Area 7', 20.05100463831235, 73.88198107179103) ON CONFLICT (camera_id) DO NOTHING;
INSERT INTO cctv (camera_id, zone_name, latitude, longitude) VALUES ('Z7-C34', 'Zone Area 7', 20.05019577408459, 73.88441636650808) ON CONFLICT (camera_id) DO NOTHING;
INSERT INTO cctv (camera_id, zone_name, latitude, longitude) VALUES ('Z7-C35', 'Zone Area 7', 20.05053843401731, 73.88313575106615) ON CONFLICT (camera_id) DO NOTHING;
INSERT INTO cctv (camera_id, zone_name, latitude, longitude) VALUES ('Z7-C36', 'Zone Area 7', 20.05053654503992, 73.88319607524826) ON CONFLICT (camera_id) DO NOTHING;
INSERT INTO cctv (camera_id, zone_name, latitude, longitude) VALUES ('Z7-C37', 'Zone Area 7', 20.0502406336456, 73.88195350358403) ON CONFLICT (camera_id) DO NOTHING;
INSERT INTO cctv (camera_id, zone_name, latitude, longitude) VALUES ('Z7-C38', 'Zone Area 7', 20.05171289176825, 73.88221848016053) ON CONFLICT (camera_id) DO NOTHING;
INSERT INTO cctv (camera_id, zone_name, latitude, longitude) VALUES ('Z7-C39', 'Zone Area 7', 20.05124039254478, 73.88311545813286) ON CONFLICT (camera_id) DO NOTHING;
INSERT INTO cctv (camera_id, zone_name, latitude, longitude) VALUES ('Z7-C40', 'Zone Area 7', 20.0508256776497, 73.88168476190162) ON CONFLICT (camera_id) DO NOTHING;
INSERT INTO cctv (camera_id, zone_name, latitude, longitude) VALUES ('Z8-C1', 'Zone Area 8', 19.99914176996406, 73.86418938634) ON CONFLICT (camera_id) DO NOTHING;
INSERT INTO cctv (camera_id, zone_name, latitude, longitude) VALUES ('Z8-C2', 'Zone Area 8', 19.99964205732617, 73.86511152381343) ON CONFLICT (camera_id) DO NOTHING;
INSERT INTO cctv (camera_id, zone_name, latitude, longitude) VALUES ('Z8-C3', 'Zone Area 8', 19.99903303541891, 73.86570489405577) ON CONFLICT (camera_id) DO NOTHING;
INSERT INTO cctv (camera_id, zone_name, latitude, longitude) VALUES ('Z8-C4', 'Zone Area 8', 19.99815784616768, 73.86445819495223) ON CONFLICT (camera_id) DO NOTHING;
INSERT INTO cctv (camera_id, zone_name, latitude, longitude) VALUES ('Z8-C5', 'Zone Area 8', 19.99806896542076, 73.86474612109583) ON CONFLICT (camera_id) DO NOTHING;
INSERT INTO cctv (camera_id, zone_name, latitude, longitude) VALUES ('Z8-C6', 'Zone Area 8', 19.99891206310678, 73.86533798078355) ON CONFLICT (camera_id) DO NOTHING;
INSERT INTO cctv (camera_id, zone_name, latitude, longitude) VALUES ('Z8-C7', 'Zone Area 8', 19.9984991121068, 73.86436133446166) ON CONFLICT (camera_id) DO NOTHING;
INSERT INTO cctv (camera_id, zone_name, latitude, longitude) VALUES ('Z8-C8', 'Zone Area 8', 19.9981127837397, 73.86556961648334) ON CONFLICT (camera_id) DO NOTHING;
INSERT INTO cctv (camera_id, zone_name, latitude, longitude) VALUES ('Z8-C9', 'Zone Area 8', 19.99842543187271, 73.86460002226886) ON CONFLICT (camera_id) DO NOTHING;
INSERT INTO cctv (camera_id, zone_name, latitude, longitude) VALUES ('Z8-C10', 'Zone Area 8', 19.99925182337553, 73.86552971846697) ON CONFLICT (camera_id) DO NOTHING;
INSERT INTO cctv (camera_id, zone_name, latitude, longitude) VALUES ('Z8-C11', 'Zone Area 8', 19.99873943118976, 73.86534378981175) ON CONFLICT (camera_id) DO NOTHING;
INSERT INTO cctv (camera_id, zone_name, latitude, longitude) VALUES ('Z8-C12', 'Zone Area 8', 19.99818772442228, 73.8656427175651) ON CONFLICT (camera_id) DO NOTHING;
INSERT INTO cctv (camera_id, zone_name, latitude, longitude) VALUES ('Z8-C13', 'Zone Area 8', 19.99906839012847, 73.8648634936481) ON CONFLICT (camera_id) DO NOTHING;
INSERT INTO cctv (camera_id, zone_name, latitude, longitude) VALUES ('Z8-C14', 'Zone Area 8', 19.99938688564239, 73.86528569434688) ON CONFLICT (camera_id) DO NOTHING;
INSERT INTO cctv (camera_id, zone_name, latitude, longitude) VALUES ('Z8-C15', 'Zone Area 8', 19.99968201054358, 73.86538619791106) ON CONFLICT (camera_id) DO NOTHING;
INSERT INTO cctv (camera_id, zone_name, latitude, longitude) VALUES ('Z8-C16', 'Zone Area 8', 19.99800459563719, 73.8653410000246) ON CONFLICT (camera_id) DO NOTHING;
INSERT INTO cctv (camera_id, zone_name, latitude, longitude) VALUES ('Z8-C17', 'Zone Area 8', 19.99962183439856, 73.86536341354987) ON CONFLICT (camera_id) DO NOTHING;
INSERT INTO cctv (camera_id, zone_name, latitude, longitude) VALUES ('Z8-C18', 'Zone Area 8', 19.99818735405634, 73.86527943722707) ON CONFLICT (camera_id) DO NOTHING;
INSERT INTO cctv (camera_id, zone_name, latitude, longitude) VALUES ('Z8-C19', 'Zone Area 8', 19.99809509638978, 73.86442709361555) ON CONFLICT (camera_id) DO NOTHING;

-- Seeding Missing Persons (First 150 records)
INSERT INTO missing_persons (case_id, reported_at, name, gender, age_band, state, district, language, last_seen_location, last_seen_zone, reporting_center, reporter_mobile, physical_description, status, resolution_hours, is_duplicate_report, remarks) VALUES ('KMP-2027-00001', TIMESTAMP '2027-07-28 06:01', 'Savita Desai', 'Female', '41-60', 'Bihar', 'Nalanda', 'Maithili', 'Trimbakeshwar Approach', 'Zone Area 1', 'Trimbakeshwar Kho-Ya-Paya Kendra', '+91 6734036506', 'Man in saffron kurta, has rudraksha mala', 'Reunited', 3.3, false, 'GGTalk app used') ON CONFLICT (case_id) DO NOTHING;
INSERT INTO missing_persons (case_id, reported_at, name, gender, age_band, state, district, language, last_seen_location, last_seen_zone, reporting_center, reporter_mobile, physical_description, status, resolution_hours, is_duplicate_report, remarks) VALUES ('KMP-2027-00002', TIMESTAMP '2027-07-14 15:06', 'Prakash Nair', 'Male', '71-80', 'Gujarat', 'Anand', 'Telugu', 'Trimbakeshwar Approach', 'Zone Area 1', 'Adgaon Kho-Ya-Paya', '+91 8266944844', 'Woman in green saree, has tilak on forehead', 'Reunited', 3.7, false, 'Announcement made on PA') ON CONFLICT (case_id) DO NOTHING;
INSERT INTO missing_persons (case_id, reported_at, name, gender, age_band, state, district, language, last_seen_location, last_seen_zone, reporting_center, reporter_mobile, physical_description, status, resolution_hours, is_duplicate_report, remarks) VALUES ('KMP-2027-00003', TIMESTAMP '2027-08-12 12:49', NULL, 'Female', '41-60', 'Delhi', 'Delhi District 2', 'Marathi', 'Takli Sangam', 'Zone Area 21', 'Bharat Bharati Control Room', '+91 6149203558', 'Man in saffron kurta, has rudraksha mala', 'Reunited', 2.4, false, NULL) ON CONFLICT (case_id) DO NOTHING;
INSERT INTO missing_persons (case_id, reported_at, name, gender, age_band, state, district, language, last_seen_location, last_seen_zone, reporting_center, reporter_mobile, physical_description, status, resolution_hours, is_duplicate_report, remarks) VALUES ('KMP-2027-00004', TIMESTAMP '2027-07-30 17:17', 'Mohan Rao', 'Male', '80+', 'Madhya Pradesh', 'Jabalpur', 'Telugu', 'Panchavati Circle', 'Zone Area 31', 'Trimbakeshwar Kho-Ya-Paya Kendra', '+91 7275452091', 'Lost near ghats', 'Reunited', 6, false, NULL) ON CONFLICT (case_id) DO NOTHING;
INSERT INTO missing_persons (case_id, reported_at, name, gender, age_band, state, district, language, last_seen_location, last_seen_zone, reporting_center, reporter_mobile, physical_description, status, resolution_hours, is_duplicate_report, remarks) VALUES ('KMP-2027-00005', TIMESTAMP '2027-08-11 19:09', NULL, 'Female', '80+', 'Kerala', 'Kerala District 3', 'Maithili', 'Madsangvi Transit', 'Zone Area 6', 'Ramkund Kho-Ya-Paya Kendra', '+91 9524806516', 'Man in saffron kurta, has rudraksha mala', 'Reunited', 5.5, false, 'Family waiting at center') ON CONFLICT (case_id) DO NOTHING;
INSERT INTO missing_persons (case_id, reported_at, name, gender, age_band, state, district, language, last_seen_location, last_seen_zone, reporting_center, reporter_mobile, physical_description, status, resolution_hours, is_duplicate_report, remarks) VALUES ('KMP-2027-00006', TIMESTAMP '2027-08-10 10:50', 'Sohan Kumar', 'Male', '13-17', 'Maharashtra', 'Solapur', 'Bengali', 'Gauri Patangan', 'Zone Area 29', 'Nashik Road Center', NULL, 'Child in red shirt, about 8-10 years, crying', 'Reunited', 22.2, false, 'GGTalk app used') ON CONFLICT (case_id) DO NOTHING;
INSERT INTO missing_persons (case_id, reported_at, name, gender, age_band, state, district, language, last_seen_location, last_seen_zone, reporting_center, reporter_mobile, physical_description, status, resolution_hours, is_duplicate_report, remarks) VALUES ('KMP-2027-00007', TIMESTAMP '2027-07-19 18:10', 'Savita Rao', 'Female', '61-70', 'Assam', 'Assam District 2', 'Tamil', 'Dasak Ghat', 'Zone Area 30', 'Central Control Room', '+91 8219778234', 'Child missing', 'Unresolved', NULL, false, 'GGTalk app used') ON CONFLICT (case_id) DO NOTHING;
INSERT INTO missing_persons (case_id, reported_at, name, gender, age_band, state, district, language, last_seen_location, last_seen_zone, reporting_center, reporter_mobile, physical_description, status, resolution_hours, is_duplicate_report, remarks) VALUES ('KMP-2027-00008', TIMESTAMP '2027-07-24 20:01', 'Vimla Reddy', 'Female', '61-70', 'Delhi', 'Delhi District 1', 'Bhojpuri', 'Sadhugram Gate 1', 'Zone Area 8', 'Panchavati Center', NULL, 'Old man confused, keeps asking for Ramkund', 'Reunited', 8.4, false, NULL) ON CONFLICT (case_id) DO NOTHING;
INSERT INTO missing_persons (case_id, reported_at, name, gender, age_band, state, district, language, last_seen_location, last_seen_zone, reporting_center, reporter_mobile, physical_description, status, resolution_hours, is_duplicate_report, remarks) VALUES ('KMP-2027-00009', TIMESTAMP '2027-08-03 18:13', 'Kamla Gupta', 'Female', '61-70', 'Rajasthan', 'Jodhpur', 'Tamil', 'Panchavati Circle', 'Zone Area 31', 'Trimbakeshwar Kho-Ya-Paya Kendra', '+91 7384602384', 'Old woman', 'Reunited', 4.5, false, 'GGTalk app used') ON CONFLICT (case_id) DO NOTHING;
INSERT INTO missing_persons (case_id, reported_at, name, gender, age_band, state, district, language, last_seen_location, last_seen_zone, reporting_center, reporter_mobile, physical_description, status, resolution_hours, is_duplicate_report, remarks) VALUES ('KMP-2027-00010', TIMESTAMP '2027-08-10 06:14', NULL, 'Male', '0-12', 'Assam', 'Assam District 1', 'Marathi', 'Trimbakeshwar Approach', 'Zone Area 1', 'Central Control Room', '+91 6176228245', 'Child girl, pigtails, pink frock, about 6 years', 'Reunited', 1.3, false, 'GGTalk app used') ON CONFLICT (case_id) DO NOTHING;
INSERT INTO missing_persons (case_id, reported_at, name, gender, age_band, state, district, language, last_seen_location, last_seen_zone, reporting_center, reporter_mobile, physical_description, status, resolution_hours, is_duplicate_report, remarks) VALUES ('KMP-2027-00011', TIMESTAMP '2027-07-07 18:22', 'Manoj Roy', 'Male', '61-70', 'Odisha', 'Odisha District 2', 'Hindi', 'Gauri Patangan', 'Zone Area 29', 'Adgaon Kho-Ya-Paya', NULL, 'Boy about 12, wearing school dress', 'Reunited', 16.6, false, 'Bharat Bharati volunteer handled') ON CONFLICT (case_id) DO NOTHING;
INSERT INTO missing_persons (case_id, reported_at, name, gender, age_band, state, district, language, last_seen_location, last_seen_zone, reporting_center, reporter_mobile, physical_description, status, resolution_hours, is_duplicate_report, remarks) VALUES ('KMP-2027-00012', TIMESTAMP '2027-08-08 08:03', NULL, 'Female', '18-40', 'Assam', 'Assam District 2', 'Bhojpuri', 'Panchavati Circle', 'Zone Area 31', 'Central Control Room', NULL, 'Child in red shirt, about 8-10 years, crying', 'Reunited', 2.7, false, 'Bharat Bharati volunteer handled') ON CONFLICT (case_id) DO NOTHING;
INSERT INTO missing_persons (case_id, reported_at, name, gender, age_band, state, district, language, last_seen_location, last_seen_zone, reporting_center, reporter_mobile, physical_description, status, resolution_hours, is_duplicate_report, remarks) VALUES ('KMP-2027-00013', TIMESTAMP '2027-07-13 14:13', NULL, 'Female', '41-60', 'Jharkhand', 'Jharkhand District 2', 'Maithili', 'Kushavart Kund', 'Zone Area 15', 'Nashik Road Center', '+91 9266211829', 'Child missing', 'Reunited', 1.5, true, 'Announcement made on PA') ON CONFLICT (case_id) DO NOTHING;
INSERT INTO missing_persons (case_id, reported_at, name, gender, age_band, state, district, language, last_seen_location, last_seen_zone, reporting_center, reporter_mobile, physical_description, status, resolution_hours, is_duplicate_report, remarks) VALUES ('KMP-2027-00014', TIMESTAMP '2027-08-07 12:37', 'Gaurav Shah', 'Male', '80+', 'Madhya Pradesh', 'Rewa', 'Marathi', 'Main Police Chowki', 'Zone Area 19', 'Central Control Room', NULL, 'Girl child about 5 years, red bindi, crying', 'Reunited', 3.5, false, 'Found near ghat') ON CONFLICT (case_id) DO NOTHING;
INSERT INTO missing_persons (case_id, reported_at, name, gender, age_band, state, district, language, last_seen_location, last_seen_zone, reporting_center, reporter_mobile, physical_description, status, resolution_hours, is_duplicate_report, remarks) VALUES ('KMP-2027-00015', TIMESTAMP '2027-07-30 08:04', 'Ravi Dubey', 'Male', '41-60', 'Andhra Pradesh', 'Tirupati', 'Tamil', 'Panchavati Circle', 'Zone Area 31', 'Trimbakeshwar Kho-Ya-Paya Kendra', '+91 6110002396', 'Man in yellow kurta, has tilak, speaks Bhojpuri', 'Reunited', 1.7, true, 'Brought by volunteer') ON CONFLICT (case_id) DO NOTHING;
INSERT INTO missing_persons (case_id, reported_at, name, gender, age_band, state, district, language, last_seen_location, last_seen_zone, reporting_center, reporter_mobile, physical_description, status, resolution_hours, is_duplicate_report, remarks) VALUES ('KMP-2027-00016', TIMESTAMP '2027-07-07 09:16', 'Santosh Agarwal', 'Male', '71-80', 'Delhi', 'Delhi District 3', 'Maithili', 'Sadhugram Gate 1', 'Zone Area 8', 'Bharat Bharati Control Room', '+91 8812308209', 'Child missing', 'Reunited', 1.3, false, 'Police assisted') ON CONFLICT (case_id) DO NOTHING;
INSERT INTO missing_persons (case_id, reported_at, name, gender, age_band, state, district, language, last_seen_location, last_seen_zone, reporting_center, reporter_mobile, physical_description, status, resolution_hours, is_duplicate_report, remarks) VALUES ('KMP-2027-00017', TIMESTAMP '2027-07-01 15:49', 'Ajay Sinha', 'Male', '61-70', 'Maharashtra', 'Nashik', 'Kannada', 'Sadhugram Gate 2', 'Zone Area 8', 'Sadhugram Lost Found', '+91 8147337803', 'Young boy in blue uniform, school bag', 'Reunited', 2.2, true, NULL) ON CONFLICT (case_id) DO NOTHING;
INSERT INTO missing_persons (case_id, reported_at, name, gender, age_band, state, district, language, last_seen_location, last_seen_zone, reporting_center, reporter_mobile, physical_description, status, resolution_hours, is_duplicate_report, remarks) VALUES ('KMP-2027-00018', TIMESTAMP '2027-07-03 14:23', NULL, 'Female', '0-12', 'Punjab', 'Punjab District 3', 'Bhojpuri', 'Kushavart Kund', 'Zone Area 15', 'Panchavati Center', '+91 9236843584', 'Old woman, white clothes, lost memory', 'Reunited', 1.7, false, 'Bharat Bharati volunteer handled') ON CONFLICT (case_id) DO NOTHING;
INSERT INTO missing_persons (case_id, reported_at, name, gender, age_band, state, district, language, last_seen_location, last_seen_zone, reporting_center, reporter_mobile, physical_description, status, resolution_hours, is_duplicate_report, remarks) VALUES ('KMP-2027-00019', TIMESTAMP '2027-07-12 15:50', 'Kanta Kumar', 'Female', '41-60', 'Gujarat', 'Mehsana', 'Gujarati', 'Gauri Patangan', 'Zone Area 29', 'Trimbakeshwar Kho-Ya-Paya Kendra', '+91 9126614158', 'Woman speaking Tamil, wearing silk saree', 'Reunited', 0.5, false, 'Announcement made on PA') ON CONFLICT (case_id) DO NOTHING;
INSERT INTO missing_persons (case_id, reported_at, name, gender, age_band, state, district, language, last_seen_location, last_seen_zone, reporting_center, reporter_mobile, physical_description, status, resolution_hours, is_duplicate_report, remarks) VALUES ('KMP-2027-00020', TIMESTAMP '2027-07-13 17:21', 'Ankit Das', 'Male', '41-60', 'Tamil Nadu', 'Coimbatore', 'Tamil', 'Madsangvi Transit', 'Zone Area 6', 'Bharat Bharati Control Room', NULL, 'Man from UP', 'Reunited', 2.8, false, 'GGTalk app used') ON CONFLICT (case_id) DO NOTHING;
INSERT INTO missing_persons (case_id, reported_at, name, gender, age_band, state, district, language, last_seen_location, last_seen_zone, reporting_center, reporter_mobile, physical_description, status, resolution_hours, is_duplicate_report, remarks) VALUES ('KMP-2027-00021', TIMESTAMP '2027-08-08 21:07', 'Ramesh Singh', 'Male', '41-60', 'Kerala', 'Kerala District 2', 'Tamil', 'Kapila Sangam', 'Zone Area 21', 'Nashik Road Center', NULL, 'Old woman, white clothes, lost memory', 'Reunited', 2.3, false, 'GGTalk app used') ON CONFLICT (case_id) DO NOTHING;
INSERT INTO missing_persons (case_id, reported_at, name, gender, age_band, state, district, language, last_seen_location, last_seen_zone, reporting_center, reporter_mobile, physical_description, status, resolution_hours, is_duplicate_report, remarks) VALUES ('KMP-2027-00022', TIMESTAMP '2027-07-08 14:32', 'Kanta Desai', 'Female', '41-60', 'Madhya Pradesh', 'Satna', 'Bengali', 'Takli Sangam', 'Zone Area 21', 'Adgaon Kho-Ya-Paya', '+91 8812306873', 'Child girl, pigtails, pink frock, about 6 years', 'Reunited', 3.2, false, 'Cross-center transfer needed') ON CONFLICT (case_id) DO NOTHING;
INSERT INTO missing_persons (case_id, reported_at, name, gender, age_band, state, district, language, last_seen_location, last_seen_zone, reporting_center, reporter_mobile, physical_description, status, resolution_hours, is_duplicate_report, remarks) VALUES ('KMP-2027-00023', TIMESTAMP '2027-07-19 11:27', 'Durga Desai', 'Female', '61-70', 'Andhra Pradesh', 'Tirupati', 'Telugu', 'Trimbak Road', 'Zone Area 1', 'Nashik Road Center', '+91 6426283245', NULL, 'Reunited', 2.3, false, 'Announcement made on PA') ON CONFLICT (case_id) DO NOTHING;
INSERT INTO missing_persons (case_id, reported_at, name, gender, age_band, state, district, language, last_seen_location, last_seen_zone, reporting_center, reporter_mobile, physical_description, status, resolution_hours, is_duplicate_report, remarks) VALUES ('KMP-2027-00024', TIMESTAMP '2027-07-16 14:14', 'Pushpa Desai', 'Female', '13-17', 'Chhattisgarh', 'Chhattisgarh District 3', 'Hindi', 'Rajur Bahula', 'Zone Area 25', 'Ramkund Kho-Ya-Paya Kendra', '+91 8200273738', 'Wearing white saree, grey hair, speaks Hindi', 'Reunited', 2.6, false, NULL) ON CONFLICT (case_id) DO NOTHING;
INSERT INTO missing_persons (case_id, reported_at, name, gender, age_band, state, district, language, last_seen_location, last_seen_zone, reporting_center, reporter_mobile, physical_description, status, resolution_hours, is_duplicate_report, remarks) VALUES ('KMP-2027-00025', TIMESTAMP '2027-08-14 05:57', 'Rahul Reddy', 'Male', '71-80', 'Haryana', 'Haryana District 2', 'Gujarati', 'Sadhugram Gate 1', 'Zone Area 8', 'Adgaon Kho-Ya-Paya', '+91 7804436922', 'Man in saffron kurta, has rudraksha mala', 'Reunited', 4.8, false, 'GGTalk app used') ON CONFLICT (case_id) DO NOTHING;
INSERT INTO missing_persons (case_id, reported_at, name, gender, age_band, state, district, language, last_seen_location, last_seen_zone, reporting_center, reporter_mobile, physical_description, status, resolution_hours, is_duplicate_report, remarks) VALUES ('KMP-2027-00026', TIMESTAMP '2027-08-02 18:53', 'Gaurav Singh', 'Male', '71-80', 'Chhattisgarh', 'Chhattisgarh District 3', 'Kannada', 'Panchavati Circle', 'Zone Area 31', 'Rajur Bahula Center', '+91 9757830420', 'Young boy in blue uniform, school bag', 'Reunited', 5.6, false, 'Found near ghat') ON CONFLICT (case_id) DO NOTHING;
INSERT INTO missing_persons (case_id, reported_at, name, gender, age_band, state, district, language, last_seen_location, last_seen_zone, reporting_center, reporter_mobile, physical_description, status, resolution_hours, is_duplicate_report, remarks) VALUES ('KMP-2027-00027', TIMESTAMP '2027-07-21 07:08', 'Anjali Mehta', 'Female', '41-60', 'Madhya Pradesh', 'Satna', 'Gujarati', 'Sadhugram Gate 2', 'Zone Area 8', 'Trimbakeshwar Kho-Ya-Paya Kendra', '+91 8460613550', 'Old man, bald, wearing vest and dhoti', 'Reunited', 0.3, false, 'GGTalk app used') ON CONFLICT (case_id) DO NOTHING;
INSERT INTO missing_persons (case_id, reported_at, name, gender, age_band, state, district, language, last_seen_location, last_seen_zone, reporting_center, reporter_mobile, physical_description, status, resolution_hours, is_duplicate_report, remarks) VALUES ('KMP-2027-00028', TIMESTAMP '2027-08-06 17:30', 'Suresh Joshi', 'Male', '41-60', 'Kerala', 'Kerala District 3', 'Bengali', 'Ramkund Ghat', 'Zone Area 30', 'Panchavati Center', NULL, 'Old man confused, keeps asking for Ramkund', 'Pending', NULL, false, 'Bharat Bharati volunteer handled') ON CONFLICT (case_id) DO NOTHING;
INSERT INTO missing_persons (case_id, reported_at, name, gender, age_band, state, district, language, last_seen_location, last_seen_zone, reporting_center, reporter_mobile, physical_description, status, resolution_hours, is_duplicate_report, remarks) VALUES ('KMP-2027-00029', TIMESTAMP '2027-07-12 19:58', 'Kanta Trivedi', 'Female', '71-80', 'Odisha', 'Odisha District 1', 'Hindi', 'Sadhugram Gate 2', 'Zone Area 8', 'Nashik Road Center', '+91 9131165166', 'Woman with three children, lost husband', 'Pending', NULL, false, 'Cross-center transfer needed') ON CONFLICT (case_id) DO NOTHING;
INSERT INTO missing_persons (case_id, reported_at, name, gender, age_band, state, district, language, last_seen_location, last_seen_zone, reporting_center, reporter_mobile, physical_description, status, resolution_hours, is_duplicate_report, remarks) VALUES ('KMP-2027-00030', TIMESTAMP '2027-07-21 15:48', NULL, 'Male', '61-70', 'Maharashtra', 'Pune', 'Bengali', 'Kapila Sangam', 'Zone Area 21', 'Sadhugram Lost Found', '+91 7588229686', 'Man from UP', 'Reunited', 0.3, true, 'GGTalk app used') ON CONFLICT (case_id) DO NOTHING;
INSERT INTO missing_persons (case_id, reported_at, name, gender, age_band, state, district, language, last_seen_location, last_seen_zone, reporting_center, reporter_mobile, physical_description, status, resolution_hours, is_duplicate_report, remarks) VALUES ('KMP-2027-00031', TIMESTAMP '2027-07-16 11:53', 'Bharat Tiwari', 'Male', '71-80', 'Maharashtra', 'Solapur', 'Bhojpuri', 'Ramkund Ghat', 'Zone Area 30', 'Nashik Road Center', NULL, 'Elderly man with walking stick, hard of hearing', 'Reunited', 4.4, false, 'Brought by volunteer') ON CONFLICT (case_id) DO NOTHING;
INSERT INTO missing_persons (case_id, reported_at, name, gender, age_band, state, district, language, last_seen_location, last_seen_zone, reporting_center, reporter_mobile, physical_description, status, resolution_hours, is_duplicate_report, remarks) VALUES ('KMP-2027-00032', TIMESTAMP '2027-07-26 17:45', 'Shyam Pillai', 'Male', '61-70', 'Bihar', 'Saran', 'Bhojpuri', 'Rajur Bahula', 'Zone Area 25', 'Bharat Bharati Control Room', '+91 8216070149', 'Old man, hearing aid, wearing full pants shirt', 'Reunited', 5.9, false, 'Family waiting at center') ON CONFLICT (case_id) DO NOTHING;
INSERT INTO missing_persons (case_id, reported_at, name, gender, age_band, state, district, language, last_seen_location, last_seen_zone, reporting_center, reporter_mobile, physical_description, status, resolution_hours, is_duplicate_report, remarks) VALUES ('KMP-2027-00033', TIMESTAMP '2027-07-27 20:06', 'Pushpa Nair', 'Female', '41-60', 'Uttarakhand', 'Uttarakhand District 3', 'Kannada', 'Gauri Patangan', 'Zone Area 29', 'Panchavati Center', '+91 8113585139', NULL, 'Reunited', 2.3, false, 'Cross-center transfer needed') ON CONFLICT (case_id) DO NOTHING;
INSERT INTO missing_persons (case_id, reported_at, name, gender, age_band, state, district, language, last_seen_location, last_seen_zone, reporting_center, reporter_mobile, physical_description, status, resolution_hours, is_duplicate_report, remarks) VALUES ('KMP-2027-00034', TIMESTAMP '2027-07-06 13:56', 'Rohit Das', 'Male', '61-70', 'Uttarakhand', 'Uttarakhand District 3', 'Kannada', 'Dasak Ghat', 'Zone Area 30', 'Trimbakeshwar Kho-Ya-Paya Kendra', '+91 8363598427', 'Man from UP', 'Reunited', 4.4, false, 'Announcement made on PA') ON CONFLICT (case_id) DO NOTHING;
INSERT INTO missing_persons (case_id, reported_at, name, gender, age_band, state, district, language, last_seen_location, last_seen_zone, reporting_center, reporter_mobile, physical_description, status, resolution_hours, is_duplicate_report, remarks) VALUES ('KMP-2027-00035', TIMESTAMP '2027-07-01 21:12', 'Sita Mehta', 'Female', '71-80', 'Telangana', 'Telangana District 2', 'Bengali', 'Trimbakeshwar Approach', 'Zone Area 1', 'Trimbakeshwar Kho-Ya-Paya Kendra', '+91 8696776072', 'Child missing', 'Reunited', 5.7, false, 'Cross-center transfer needed') ON CONFLICT (case_id) DO NOTHING;
INSERT INTO missing_persons (case_id, reported_at, name, gender, age_band, state, district, language, last_seen_location, last_seen_zone, reporting_center, reporter_mobile, physical_description, status, resolution_hours, is_duplicate_report, remarks) VALUES ('KMP-2027-00036', TIMESTAMP '2027-08-05 21:22', NULL, 'Female', '41-60', 'Haryana', 'Haryana District 3', 'Telugu', 'Gauri Patangan', 'Zone Area 29', 'Police Main Control Room', '+91 8608159580', 'Child girl, pigtails, pink frock, about 6 years', 'Reunited', 1.3, false, NULL) ON CONFLICT (case_id) DO NOTHING;
INSERT INTO missing_persons (case_id, reported_at, name, gender, age_band, state, district, language, last_seen_location, last_seen_zone, reporting_center, reporter_mobile, physical_description, status, resolution_hours, is_duplicate_report, remarks) VALUES ('KMP-2027-00037', TIMESTAMP '2027-08-07 21:38', 'Rekha Singh', 'Female', '80+', 'Gujarat', 'Surat', 'Tamil', 'Takli Sangam', 'Zone Area 21', 'Bharat Bharati Control Room', '+91 9396889215', 'Old woman, white clothes, lost memory', 'Reunited', 0.8, true, 'GGTalk app used') ON CONFLICT (case_id) DO NOTHING;
INSERT INTO missing_persons (case_id, reported_at, name, gender, age_band, state, district, language, last_seen_location, last_seen_zone, reporting_center, reporter_mobile, physical_description, status, resolution_hours, is_duplicate_report, remarks) VALUES ('KMP-2027-00038', TIMESTAMP '2027-07-01 14:30', 'Suresh Verma', 'Male', '71-80', 'Rajasthan', 'Bikaner', 'Gujarati', 'Bus Stand Nashik', 'Zone Area 17', 'Rajur Bahula Center', '+91 9210152642', 'Child girl, pigtails, pink frock, about 6 years', 'Transferred to hospital', NULL, false, 'Announcement made on PA') ON CONFLICT (case_id) DO NOTHING;
INSERT INTO missing_persons (case_id, reported_at, name, gender, age_band, state, district, language, last_seen_location, last_seen_zone, reporting_center, reporter_mobile, physical_description, status, resolution_hours, is_duplicate_report, remarks) VALUES ('KMP-2027-00039', TIMESTAMP '2027-08-06 14:05', 'Mahesh Chaudhary', 'Male', '61-70', 'Maharashtra', 'Mumbai', 'Bengali', 'Dindori Road Crossing', 'Zone Area 22', 'Bharat Bharati Control Room', NULL, 'Woman with three children, lost husband', 'Reunited', 6.3, false, 'GGTalk app used') ON CONFLICT (case_id) DO NOTHING;
INSERT INTO missing_persons (case_id, reported_at, name, gender, age_band, state, district, language, last_seen_location, last_seen_zone, reporting_center, reporter_mobile, physical_description, status, resolution_hours, is_duplicate_report, remarks) VALUES ('KMP-2027-00040', TIMESTAMP '2027-07-07 11:40', 'Manoj Agarwal', 'Male', '61-70', 'Uttarakhand', 'Uttarakhand District 2', 'Marathi', 'Rajur Bahula', 'Zone Area 25', 'Sadhugram Lost Found', '+91 6754586204', 'Lost near ghats', 'Reunited', 0.8, true, NULL) ON CONFLICT (case_id) DO NOTHING;
INSERT INTO missing_persons (case_id, reported_at, name, gender, age_band, state, district, language, last_seen_location, last_seen_zone, reporting_center, reporter_mobile, physical_description, status, resolution_hours, is_duplicate_report, remarks) VALUES ('KMP-2027-00041', TIMESTAMP '2027-08-13 12:59', 'Ravi Iyer', 'Male', '0-12', 'Andhra Pradesh', 'Kurnool', 'Bhojpuri', 'Madsangvi Transit', 'Zone Area 6', 'Nashik Road Center', '+91 9176428684', 'Lost near ghats', 'Reunited', 3.1, false, 'Found near ghat') ON CONFLICT (case_id) DO NOTHING;
INSERT INTO missing_persons (case_id, reported_at, name, gender, age_band, state, district, language, last_seen_location, last_seen_zone, reporting_center, reporter_mobile, physical_description, status, resolution_hours, is_duplicate_report, remarks) VALUES ('KMP-2027-00042', TIMESTAMP '2027-07-20 17:17', 'Kavita Verma', 'Female', '41-60', 'Kerala', 'Kerala District 2', 'Kannada', 'Nashik Road Station', 'Zone Area 20', 'Police Main Control Room', '+91 9839462365', 'Old woman in white saree, widow marks', 'Reunited', 0.2, false, 'Police assisted') ON CONFLICT (case_id) DO NOTHING;
INSERT INTO missing_persons (case_id, reported_at, name, gender, age_band, state, district, language, last_seen_location, last_seen_zone, reporting_center, reporter_mobile, physical_description, status, resolution_hours, is_duplicate_report, remarks) VALUES ('KMP-2027-00043', TIMESTAMP '2027-07-03 10:30', 'Savita Gupta', 'Female', '61-70', 'Kerala', 'Kerala District 3', 'Gujarati', 'Nashik Road Station', 'Zone Area 20', 'Rajur Bahula Center', '+91 8718740490', 'Woman speaking Tamil, wearing silk saree', 'Unresolved', NULL, false, 'Announcement made on PA') ON CONFLICT (case_id) DO NOTHING;
INSERT INTO missing_persons (case_id, reported_at, name, gender, age_band, state, district, language, last_seen_location, last_seen_zone, reporting_center, reporter_mobile, physical_description, status, resolution_hours, is_duplicate_report, remarks) VALUES ('KMP-2027-00044', TIMESTAMP '2027-07-27 20:18', 'Pooja Pandey', 'Female', '41-60', 'Bihar', 'Saran', 'Kannada', 'Kapila Sangam', 'Zone Area 21', 'Police Main Control Room', NULL, 'Old man in dhoti kurta, cannot remember name', 'Reunited', 1.2, false, 'Bharat Bharati volunteer handled') ON CONFLICT (case_id) DO NOTHING;
INSERT INTO missing_persons (case_id, reported_at, name, gender, age_band, state, district, language, last_seen_location, last_seen_zone, reporting_center, reporter_mobile, physical_description, status, resolution_hours, is_duplicate_report, remarks) VALUES ('KMP-2027-00045', TIMESTAMP '2027-07-11 11:17', 'Kamla Sharma', 'Female', '61-70', 'Uttarakhand', 'Uttarakhand District 1', 'Kannada', 'Panchavati Circle', 'Zone Area 31', 'Ramkund Kho-Ya-Paya Kendra', NULL, 'Old man confused, keeps asking for Ramkund', 'Pending', NULL, false, NULL) ON CONFLICT (case_id) DO NOTHING;
INSERT INTO missing_persons (case_id, reported_at, name, gender, age_band, state, district, language, last_seen_location, last_seen_zone, reporting_center, reporter_mobile, physical_description, status, resolution_hours, is_duplicate_report, remarks) VALUES ('KMP-2027-00046', TIMESTAMP '2027-07-08 19:07', 'Laxmi Menon', 'Female', '18-40', 'Assam', 'Assam District 1', 'Tamil', 'Sadhugram Gate 2', 'Zone Area 8', 'Rajur Bahula Center', '+91 6341270488', 'Old woman', 'Reunited', 1.3, false, 'Announcement made on PA') ON CONFLICT (case_id) DO NOTHING;
INSERT INTO missing_persons (case_id, reported_at, name, gender, age_band, state, district, language, last_seen_location, last_seen_zone, reporting_center, reporter_mobile, physical_description, status, resolution_hours, is_duplicate_report, remarks) VALUES ('KMP-2027-00047', TIMESTAMP '2027-07-27 15:59', 'Mukesh Kumar', 'Male', '80+', 'Chhattisgarh', 'Chhattisgarh District 3', 'Tamil', 'Nashik Road Station', 'Zone Area 20', 'Sadhugram Lost Found', '+91 6396618390', 'Wearing white saree, grey hair, speaks Hindi', 'Reunited', 7.3, false, 'Cross-center transfer needed') ON CONFLICT (case_id) DO NOTHING;
INSERT INTO missing_persons (case_id, reported_at, name, gender, age_band, state, district, language, last_seen_location, last_seen_zone, reporting_center, reporter_mobile, physical_description, status, resolution_hours, is_duplicate_report, remarks) VALUES ('KMP-2027-00048', TIMESTAMP '2027-08-14 12:36', 'Dinesh Agarwal', 'Male', '41-60', 'Assam', 'Assam District 3', 'Bengali', 'Kapila Sangam', 'Zone Area 21', 'Trimbakeshwar Kho-Ya-Paya Kendra', '+91 8302563940', 'Man from UP', 'Reunited', 5.5, false, 'Bharat Bharati volunteer handled') ON CONFLICT (case_id) DO NOTHING;
INSERT INTO missing_persons (case_id, reported_at, name, gender, age_band, state, district, language, last_seen_location, last_seen_zone, reporting_center, reporter_mobile, physical_description, status, resolution_hours, is_duplicate_report, remarks) VALUES ('KMP-2027-00049', TIMESTAMP '2027-08-07 19:00', 'Sanjay Menon', 'Male', '80+', 'Odisha', 'Odisha District 1', 'Gujarati', 'Sadhugram Gate 2', 'Zone Area 8', 'Adgaon Kho-Ya-Paya', NULL, NULL, 'Reunited', 6.1, false, 'Family waiting at center') ON CONFLICT (case_id) DO NOTHING;
INSERT INTO missing_persons (case_id, reported_at, name, gender, age_band, state, district, language, last_seen_location, last_seen_zone, reporting_center, reporter_mobile, physical_description, status, resolution_hours, is_duplicate_report, remarks) VALUES ('KMP-2027-00050', TIMESTAMP '2027-07-03 07:15', 'Parvati Gupta', 'Female', '71-80', 'Assam', 'Assam District 2', 'Marathi', 'Takli Sangam', 'Zone Area 21', 'Trimbakeshwar Kho-Ya-Paya Kendra', '+91 9680911523', 'Child missing', 'Reunited', 0.4, false, NULL) ON CONFLICT (case_id) DO NOTHING;
INSERT INTO missing_persons (case_id, reported_at, name, gender, age_band, state, district, language, last_seen_location, last_seen_zone, reporting_center, reporter_mobile, physical_description, status, resolution_hours, is_duplicate_report, remarks) VALUES ('KMP-2027-00051', TIMESTAMP '2027-07-16 21:26', 'Ravi Mishra', 'Male', '0-12', 'Maharashtra', 'Pune', 'Gujarati', 'Trimbak Road', 'Zone Area 1', 'Ramkund Kho-Ya-Paya Kendra', '+91 9256304376', 'Young boy in blue uniform, school bag', 'Reunited', 8.2, false, 'Brought by volunteer') ON CONFLICT (case_id) DO NOTHING;
INSERT INTO missing_persons (case_id, reported_at, name, gender, age_band, state, district, language, last_seen_location, last_seen_zone, reporting_center, reporter_mobile, physical_description, status, resolution_hours, is_duplicate_report, remarks) VALUES ('KMP-2027-00052', TIMESTAMP '2027-08-13 10:04', 'Rakesh Kumar', 'Male', '61-70', 'Jharkhand', 'Jharkhand District 2', 'Tamil', 'Dasak Ghat', 'Zone Area 30', 'Panchavati Center', '+91 9408842146', 'Old man, hearing aid, wearing full pants shirt', 'Reunited', 2.2, false, 'Found near ghat') ON CONFLICT (case_id) DO NOTHING;
INSERT INTO missing_persons (case_id, reported_at, name, gender, age_band, state, district, language, last_seen_location, last_seen_zone, reporting_center, reporter_mobile, physical_description, status, resolution_hours, is_duplicate_report, remarks) VALUES ('KMP-2027-00053', TIMESTAMP '2027-08-12 17:17', 'Ashok Sinha', 'Male', '41-60', 'Kerala', 'Kerala District 2', 'Hindi', 'Ramkund Ghat', 'Zone Area 30', 'Nashik Road Center', '+91 8123557463', 'Lost near ghats', 'Pending', NULL, false, 'Found near ghat') ON CONFLICT (case_id) DO NOTHING;
INSERT INTO missing_persons (case_id, reported_at, name, gender, age_band, state, district, language, last_seen_location, last_seen_zone, reporting_center, reporter_mobile, physical_description, status, resolution_hours, is_duplicate_report, remarks) VALUES ('KMP-2027-00054', TIMESTAMP '2027-07-07 06:19', 'Meena Iyer', 'Female', '41-60', 'West Bengal', 'Asansol', 'Telugu', 'Dasak Ghat', 'Zone Area 30', 'Central Control Room', '+91 7774576271', 'Old man, hearing aid, wearing full pants shirt', 'Reunited', 0.4, false, 'Bharat Bharati volunteer handled') ON CONFLICT (case_id) DO NOTHING;
INSERT INTO missing_persons (case_id, reported_at, name, gender, age_band, state, district, language, last_seen_location, last_seen_zone, reporting_center, reporter_mobile, physical_description, status, resolution_hours, is_duplicate_report, remarks) VALUES ('KMP-2027-00055', TIMESTAMP '2027-07-31 14:47', 'Dinesh Menon', 'Male', '80+', 'Chhattisgarh', 'Chhattisgarh District 3', 'Marathi', 'Nandur Ghat', 'Zone Area 30', 'Bharat Bharati Control Room', '+91 7375919523', 'Boy about 12, wearing school dress', 'Reunited', 13.6, false, 'Cross-center transfer needed') ON CONFLICT (case_id) DO NOTHING;
INSERT INTO missing_persons (case_id, reported_at, name, gender, age_band, state, district, language, last_seen_location, last_seen_zone, reporting_center, reporter_mobile, physical_description, status, resolution_hours, is_duplicate_report, remarks) VALUES ('KMP-2027-00056', TIMESTAMP '2027-07-25 16:06', 'Vimla Menon', 'Female', '13-17', 'Haryana', 'Haryana District 1', 'Awadhi', 'Dindori Road Crossing', 'Zone Area 22', 'Rajur Bahula Center', '+91 6588322781', 'Wearing white saree, grey hair, speaks Hindi', 'Pending', NULL, false, 'Family waiting at center') ON CONFLICT (case_id) DO NOTHING;
INSERT INTO missing_persons (case_id, reported_at, name, gender, age_band, state, district, language, last_seen_location, last_seen_zone, reporting_center, reporter_mobile, physical_description, status, resolution_hours, is_duplicate_report, remarks) VALUES ('KMP-2027-00057', TIMESTAMP '2027-07-03 14:31', 'Mahesh Reddy', 'Male', '71-80', 'Andhra Pradesh', 'Kurnool', 'Maithili', 'Sadhugram Gate 1', 'Zone Area 8', 'Bharat Bharati Control Room', '+91 7148690765', 'Man in saffron kurta, has rudraksha mala', 'Reunited', 2.4, false, 'GGTalk app used') ON CONFLICT (case_id) DO NOTHING;
INSERT INTO missing_persons (case_id, reported_at, name, gender, age_band, state, district, language, last_seen_location, last_seen_zone, reporting_center, reporter_mobile, physical_description, status, resolution_hours, is_duplicate_report, remarks) VALUES ('KMP-2027-00058', TIMESTAMP '2027-07-03 16:13', 'Deepak Desai', 'Male', '61-70', 'Bihar', 'Saran', 'Telugu', 'Dasak Ghat', 'Zone Area 30', 'Rajur Bahula Center', '+91 9400368694', 'Man in saffron kurta, has rudraksha mala', 'Reunited', 4.6, false, 'Cross-center transfer needed') ON CONFLICT (case_id) DO NOTHING;
INSERT INTO missing_persons (case_id, reported_at, name, gender, age_band, state, district, language, last_seen_location, last_seen_zone, reporting_center, reporter_mobile, physical_description, status, resolution_hours, is_duplicate_report, remarks) VALUES ('KMP-2027-00059', TIMESTAMP '2027-07-22 12:08', 'Ashok Yadav', 'Male', '18-40', 'Jharkhand', 'Jharkhand District 1', 'Maithili', 'Trimbak Road', 'Zone Area 1', 'Trimbakeshwar Kho-Ya-Paya Kendra', '+91 6154308262', 'Child in red shirt, about 8-10 years, crying', 'Reunited', 1, false, 'Police assisted') ON CONFLICT (case_id) DO NOTHING;
INSERT INTO missing_persons (case_id, reported_at, name, gender, age_band, state, district, language, last_seen_location, last_seen_zone, reporting_center, reporter_mobile, physical_description, status, resolution_hours, is_duplicate_report, remarks) VALUES ('KMP-2027-00060', TIMESTAMP '2027-08-12 05:08', 'Pushpa Roy', 'Female', '41-60', 'Rajasthan', 'Jodhpur', 'Awadhi', 'Ramkund Ghat', 'Zone Area 30', 'Panchavati Center', '+91 7218032515', 'Man in saffron kurta, has rudraksha mala', 'Reunited', 0.8, true, 'Bharat Bharati volunteer handled') ON CONFLICT (case_id) DO NOTHING;
INSERT INTO missing_persons (case_id, reported_at, name, gender, age_band, state, district, language, last_seen_location, last_seen_zone, reporting_center, reporter_mobile, physical_description, status, resolution_hours, is_duplicate_report, remarks) VALUES ('KMP-2027-00061', TIMESTAMP '2027-08-02 12:39', 'Kanta Gupta', 'Female', '71-80', 'Chhattisgarh', 'Chhattisgarh District 3', 'Kannada', 'Kushavart Kund', 'Zone Area 15', 'Police Main Control Room', NULL, 'Old man confused, keeps asking for Ramkund', 'Reunited', 0.1, false, 'Bharat Bharati volunteer handled') ON CONFLICT (case_id) DO NOTHING;
INSERT INTO missing_persons (case_id, reported_at, name, gender, age_band, state, district, language, last_seen_location, last_seen_zone, reporting_center, reporter_mobile, physical_description, status, resolution_hours, is_duplicate_report, remarks) VALUES ('KMP-2027-00062', TIMESTAMP '2027-07-18 15:24', 'Rajesh Mehta', 'Male', '61-70', 'Madhya Pradesh', 'Gwalior', 'Kannada', 'Main Police Chowki', 'Zone Area 19', 'Police Main Control Room', '+91 6235497187', 'Old man confused, keeps asking for Ramkund', 'Reunited', 2.2, false, NULL) ON CONFLICT (case_id) DO NOTHING;
INSERT INTO missing_persons (case_id, reported_at, name, gender, age_band, state, district, language, last_seen_location, last_seen_zone, reporting_center, reporter_mobile, physical_description, status, resolution_hours, is_duplicate_report, remarks) VALUES ('KMP-2027-00063', TIMESTAMP '2027-07-22 19:25', 'Parvati Roy', 'Female', '71-80', 'West Bengal', 'Siliguri', 'Bengali', 'Gauri Patangan', 'Zone Area 29', 'Bharat Bharati Control Room', '+91 7544328940', 'Child girl, pigtails, pink frock, about 6 years', 'Reunited', 1.2, false, 'Cross-center transfer needed') ON CONFLICT (case_id) DO NOTHING;
INSERT INTO missing_persons (case_id, reported_at, name, gender, age_band, state, district, language, last_seen_location, last_seen_zone, reporting_center, reporter_mobile, physical_description, status, resolution_hours, is_duplicate_report, remarks) VALUES ('KMP-2027-00064', TIMESTAMP '2027-07-04 15:42', 'Kavita Gupta', 'Female', '13-17', 'Bihar', 'Nalanda', 'Bengali', 'Sadhugram Gate 1', 'Zone Area 8', 'Adgaon Kho-Ya-Paya', '+91 7697398528', 'Woman in burqa, has small child with her', 'Pending', NULL, false, 'Found near ghat') ON CONFLICT (case_id) DO NOTHING;
INSERT INTO missing_persons (case_id, reported_at, name, gender, age_band, state, district, language, last_seen_location, last_seen_zone, reporting_center, reporter_mobile, physical_description, status, resolution_hours, is_duplicate_report, remarks) VALUES ('KMP-2027-00065', TIMESTAMP '2027-07-26 05:38', 'Usha Singh', 'Female', '41-60', 'Odisha', 'Odisha District 1', 'Tamil', 'Madsangvi Transit', 'Zone Area 6', 'Central Control Room', '+91 8697285504', 'Young boy in blue uniform, school bag', 'Reunited', 1.5, false, NULL) ON CONFLICT (case_id) DO NOTHING;
INSERT INTO missing_persons (case_id, reported_at, name, gender, age_band, state, district, language, last_seen_location, last_seen_zone, reporting_center, reporter_mobile, physical_description, status, resolution_hours, is_duplicate_report, remarks) VALUES ('KMP-2027-00066', TIMESTAMP '2027-07-27 19:21', 'Dinesh Nair', 'Male', '0-12', 'Uttar Pradesh', 'Varanasi', 'Telugu', 'Adgaon Parking', 'Zone Area 2', 'Panchavati Center', '+91 7503935666', 'Old man confused, keeps asking for Ramkund', 'Reunited', 3.4, false, NULL) ON CONFLICT (case_id) DO NOTHING;
INSERT INTO missing_persons (case_id, reported_at, name, gender, age_band, state, district, language, last_seen_location, last_seen_zone, reporting_center, reporter_mobile, physical_description, status, resolution_hours, is_duplicate_report, remarks) VALUES ('KMP-2027-00067', TIMESTAMP '2027-07-18 11:48', NULL, 'Male', '13-17', 'Jharkhand', 'Jharkhand District 3', 'Bengali', 'Nashik Road Station', 'Zone Area 20', 'Bharat Bharati Control Room', '+91 9544726404', 'Woman in burqa, has small child with her', 'Reunited', 4.5, false, 'GGTalk app used') ON CONFLICT (case_id) DO NOTHING;
INSERT INTO missing_persons (case_id, reported_at, name, gender, age_band, state, district, language, last_seen_location, last_seen_zone, reporting_center, reporter_mobile, physical_description, status, resolution_hours, is_duplicate_report, remarks) VALUES ('KMP-2027-00068', TIMESTAMP '2027-07-09 13:18', 'Sunita Tiwari', 'Female', '61-70', 'Uttar Pradesh', 'Allahabad', 'Kannada', 'Nandur Ghat', 'Zone Area 30', 'Bharat Bharati Control Room', '+91 7923935280', 'Wearing white saree, grey hair, speaks Hindi', 'Reunited', 0.8, false, 'Brought by volunteer') ON CONFLICT (case_id) DO NOTHING;
INSERT INTO missing_persons (case_id, reported_at, name, gender, age_band, state, district, language, last_seen_location, last_seen_zone, reporting_center, reporter_mobile, physical_description, status, resolution_hours, is_duplicate_report, remarks) VALUES ('KMP-2027-00069', TIMESTAMP '2027-07-05 15:36', 'Ankit Rao', 'Male', '0-12', 'Maharashtra', 'Nagpur', 'Bengali', 'Gauri Patangan', 'Zone Area 29', 'Nashik Road Center', NULL, 'Old man, bald, wearing vest and dhoti', 'Reunited', 2.1, false, NULL) ON CONFLICT (case_id) DO NOTHING;
INSERT INTO missing_persons (case_id, reported_at, name, gender, age_band, state, district, language, last_seen_location, last_seen_zone, reporting_center, reporter_mobile, physical_description, status, resolution_hours, is_duplicate_report, remarks) VALUES ('KMP-2027-00070', TIMESTAMP '2027-08-08 15:14', 'Laxmi Agarwal', 'Female', '80+', 'Madhya Pradesh', 'Ujjain', 'Maithili', 'Nandur Ghat', 'Zone Area 30', 'Ramkund Kho-Ya-Paya Kendra', '+91 7567804106', 'Child in red shirt, about 8-10 years, crying', 'Reunited', 3, false, 'Police assisted') ON CONFLICT (case_id) DO NOTHING;
INSERT INTO missing_persons (case_id, reported_at, name, gender, age_band, state, district, language, last_seen_location, last_seen_zone, reporting_center, reporter_mobile, physical_description, status, resolution_hours, is_duplicate_report, remarks) VALUES ('KMP-2027-00071', TIMESTAMP '2027-08-07 20:29', 'Ankit Reddy', 'Male', '41-60', 'Rajasthan', 'Udaipur', 'Awadhi', 'Trimbak Road', 'Zone Area 1', 'Nashik Road Center', NULL, 'Boy about 12, wearing school dress', 'Reunited', 17.2, false, 'Cross-center transfer needed') ON CONFLICT (case_id) DO NOTHING;
INSERT INTO missing_persons (case_id, reported_at, name, gender, age_band, state, district, language, last_seen_location, last_seen_zone, reporting_center, reporter_mobile, physical_description, status, resolution_hours, is_duplicate_report, remarks) VALUES ('KMP-2027-00072', TIMESTAMP '2027-08-02 07:19', 'Prakash Gupta', 'Male', '61-70', 'Karnataka', 'Belagavi', 'Hindi', 'Dasak Ghat', 'Zone Area 30', 'Rajur Bahula Center', NULL, 'Old man in dhoti kurta, cannot remember name', 'Reunited', 1.4, false, NULL) ON CONFLICT (case_id) DO NOTHING;
INSERT INTO missing_persons (case_id, reported_at, name, gender, age_band, state, district, language, last_seen_location, last_seen_zone, reporting_center, reporter_mobile, physical_description, status, resolution_hours, is_duplicate_report, remarks) VALUES ('KMP-2027-00073', TIMESTAMP '2027-07-10 15:45', 'Anjali Chaudhary', 'Female', '61-70', 'Maharashtra', 'Nagpur', 'Gujarati', 'Trimbakeshwar Approach', 'Zone Area 1', 'Police Main Control Room', '+91 7445236735', NULL, 'Reunited', 4.9, false, 'GGTalk app used') ON CONFLICT (case_id) DO NOTHING;
INSERT INTO missing_persons (case_id, reported_at, name, gender, age_band, state, district, language, last_seen_location, last_seen_zone, reporting_center, reporter_mobile, physical_description, status, resolution_hours, is_duplicate_report, remarks) VALUES ('KMP-2027-00074', TIMESTAMP '2027-08-10 15:04', 'Sita Pandey', 'Female', '41-60', 'Uttarakhand', 'Uttarakhand District 2', 'Bengali', 'Nandur Ghat', 'Zone Area 30', 'Bharat Bharati Control Room', '+91 6947425963', 'Woman with three children, lost husband', 'Reunited', 5.1, false, 'Family waiting at center') ON CONFLICT (case_id) DO NOTHING;
INSERT INTO missing_persons (case_id, reported_at, name, gender, age_band, state, district, language, last_seen_location, last_seen_zone, reporting_center, reporter_mobile, physical_description, status, resolution_hours, is_duplicate_report, remarks) VALUES ('KMP-2027-00075', TIMESTAMP '2027-08-08 07:19', 'Rekha Gupta', 'Female', '18-40', 'Punjab', 'Punjab District 2', 'Telugu', 'Panchavati Circle', 'Zone Area 31', 'Adgaon Kho-Ya-Paya', '+91 9238460786', NULL, 'Reunited', 4.4, false, 'Cross-center transfer needed') ON CONFLICT (case_id) DO NOTHING;
INSERT INTO missing_persons (case_id, reported_at, name, gender, age_band, state, district, language, last_seen_location, last_seen_zone, reporting_center, reporter_mobile, physical_description, status, resolution_hours, is_duplicate_report, remarks) VALUES ('KMP-2027-00076', TIMESTAMP '2027-08-01 11:14', 'Kavita Reddy', 'Female', '61-70', 'Uttar Pradesh', 'Lucknow', 'Tamil', 'Sadhugram Gate 2', 'Zone Area 8', 'Ramkund Kho-Ya-Paya Kendra', '+91 7466932310', 'Child in red shirt, about 8-10 years, crying', 'Reunited', 0.4, false, 'GGTalk app used') ON CONFLICT (case_id) DO NOTHING;
INSERT INTO missing_persons (case_id, reported_at, name, gender, age_band, state, district, language, last_seen_location, last_seen_zone, reporting_center, reporter_mobile, physical_description, status, resolution_hours, is_duplicate_report, remarks) VALUES ('KMP-2027-00077', TIMESTAMP '2027-08-14 10:46', 'Hari Roy', 'Male', '18-40', 'Haryana', 'Haryana District 1', 'Telugu', 'Dasak Ghat', 'Zone Area 30', 'Central Control Room', NULL, 'Elderly woman, cannot speak properly, Gujarati', 'Reunited', 1.1, false, 'Found near ghat') ON CONFLICT (case_id) DO NOTHING;
INSERT INTO missing_persons (case_id, reported_at, name, gender, age_band, state, district, language, last_seen_location, last_seen_zone, reporting_center, reporter_mobile, physical_description, status, resolution_hours, is_duplicate_report, remarks) VALUES ('KMP-2027-00078', TIMESTAMP '2027-07-19 17:32', 'Pushpa Agarwal', 'Female', '41-60', 'Odisha', 'Odisha District 1', 'Bhojpuri', 'Nashik Road Station', 'Zone Area 20', 'Adgaon Kho-Ya-Paya', '+91 9595725097', 'Young boy in blue uniform, school bag', 'Reunited', 0.6, false, 'Cross-center transfer needed') ON CONFLICT (case_id) DO NOTHING;
INSERT INTO missing_persons (case_id, reported_at, name, gender, age_band, state, district, language, last_seen_location, last_seen_zone, reporting_center, reporter_mobile, physical_description, status, resolution_hours, is_duplicate_report, remarks) VALUES ('KMP-2027-00079', TIMESTAMP '2027-07-29 21:09', 'Bharat Trivedi', 'Male', '71-80', 'Chhattisgarh', 'Chhattisgarh District 1', 'Kannada', 'Gauri Patangan', 'Zone Area 29', 'Bharat Bharati Control Room', '+91 7392907427', 'Man in saffron kurta, has rudraksha mala', 'Pending', NULL, false, 'Bharat Bharati volunteer handled') ON CONFLICT (case_id) DO NOTHING;
INSERT INTO missing_persons (case_id, reported_at, name, gender, age_band, state, district, language, last_seen_location, last_seen_zone, reporting_center, reporter_mobile, physical_description, status, resolution_hours, is_duplicate_report, remarks) VALUES ('KMP-2027-00080', TIMESTAMP '2027-07-07 15:50', 'Sunil Pandey', 'Male', '80+', 'Punjab', 'Punjab District 1', 'Tamil', 'Sadhugram Gate 2', 'Zone Area 8', 'Ramkund Kho-Ya-Paya Kendra', NULL, 'Old man in dhoti kurta, cannot remember name', 'Pending', NULL, false, NULL) ON CONFLICT (case_id) DO NOTHING;
INSERT INTO missing_persons (case_id, reported_at, name, gender, age_band, state, district, language, last_seen_location, last_seen_zone, reporting_center, reporter_mobile, physical_description, status, resolution_hours, is_duplicate_report, remarks) VALUES ('KMP-2027-00081', TIMESTAMP '2027-07-25 08:03', 'Pooja Agarwal', 'Female', '71-80', 'Uttar Pradesh', 'Lucknow', 'Awadhi', 'Dindori Road Crossing', 'Zone Area 22', 'Adgaon Kho-Ya-Paya', '+91 7689274064', NULL, 'Reunited', 0.5, false, 'Family waiting at center') ON CONFLICT (case_id) DO NOTHING;
INSERT INTO missing_persons (case_id, reported_at, name, gender, age_band, state, district, language, last_seen_location, last_seen_zone, reporting_center, reporter_mobile, physical_description, status, resolution_hours, is_duplicate_report, remarks) VALUES ('KMP-2027-00082', TIMESTAMP '2027-07-23 12:36', 'Parvati Shah', 'Female', '71-80', 'Andhra Pradesh', 'Tirupati', 'Marathi', 'Gauri Patangan', 'Zone Area 29', 'Ramkund Kho-Ya-Paya Kendra', NULL, 'Lost near ghats', 'Reunited', 1.8, false, 'GGTalk app used') ON CONFLICT (case_id) DO NOTHING;
INSERT INTO missing_persons (case_id, reported_at, name, gender, age_band, state, district, language, last_seen_location, last_seen_zone, reporting_center, reporter_mobile, physical_description, status, resolution_hours, is_duplicate_report, remarks) VALUES ('KMP-2027-00083', TIMESTAMP '2027-07-02 16:50', NULL, 'Male', '71-80', 'Maharashtra', 'Thane', 'Marathi', 'Trimbakeshwar Approach', 'Zone Area 1', 'Panchavati Center', '+91 8372354893', 'Man in saffron kurta, has rudraksha mala', 'Reunited', 5.3, false, NULL) ON CONFLICT (case_id) DO NOTHING;
INSERT INTO missing_persons (case_id, reported_at, name, gender, age_band, state, district, language, last_seen_location, last_seen_zone, reporting_center, reporter_mobile, physical_description, status, resolution_hours, is_duplicate_report, remarks) VALUES ('KMP-2027-00084', TIMESTAMP '2027-07-09 07:45', 'Hari Krishnan', 'Male', '71-80', 'Jharkhand', 'Jharkhand District 3', 'Bhojpuri', 'Dasak Ghat', 'Zone Area 30', 'Central Control Room', '+91 7971339002', 'Old man confused, keeps asking for Ramkund', 'Reunited', 0.9, true, 'Found near ghat') ON CONFLICT (case_id) DO NOTHING;
INSERT INTO missing_persons (case_id, reported_at, name, gender, age_band, state, district, language, last_seen_location, last_seen_zone, reporting_center, reporter_mobile, physical_description, status, resolution_hours, is_duplicate_report, remarks) VALUES ('KMP-2027-00085', TIMESTAMP '2027-07-22 13:07', 'Ankit Trivedi', 'Male', '0-12', 'West Bengal', 'Bardhaman', 'Kannada', 'Laxmi Narayan Ghat', 'Zone Area 30', 'Adgaon Kho-Ya-Paya', '+91 6804086195', 'Old man, bald, wearing vest and dhoti', 'Pending', NULL, false, NULL) ON CONFLICT (case_id) DO NOTHING;
INSERT INTO missing_persons (case_id, reported_at, name, gender, age_band, state, district, language, last_seen_location, last_seen_zone, reporting_center, reporter_mobile, physical_description, status, resolution_hours, is_duplicate_report, remarks) VALUES ('KMP-2027-00086', TIMESTAMP '2027-07-24 14:19', 'Anil Pandey', 'Male', '61-70', 'Madhya Pradesh', 'Satna', 'Bengali', 'Dasak Ghat', 'Zone Area 30', 'Nashik Road Center', '+91 9746879296', 'Old woman', 'Reunited', 2.3, false, 'Police assisted') ON CONFLICT (case_id) DO NOTHING;
INSERT INTO missing_persons (case_id, reported_at, name, gender, age_band, state, district, language, last_seen_location, last_seen_zone, reporting_center, reporter_mobile, physical_description, status, resolution_hours, is_duplicate_report, remarks) VALUES ('KMP-2027-00087', TIMESTAMP '2027-08-02 10:01', 'Nisha Yadav', 'Female', '71-80', 'Maharashtra', 'Nashik', 'Kannada', 'Sadhugram Gate 2', 'Zone Area 8', 'Nashik Road Center', '+91 9490102359', 'Lost near ghats', 'Reunited', 0.3, false, 'Police assisted') ON CONFLICT (case_id) DO NOTHING;
INSERT INTO missing_persons (case_id, reported_at, name, gender, age_band, state, district, language, last_seen_location, last_seen_zone, reporting_center, reporter_mobile, physical_description, status, resolution_hours, is_duplicate_report, remarks) VALUES ('KMP-2027-00088', TIMESTAMP '2027-07-09 21:23', 'Rakesh Verma', 'Male', '61-70', 'Punjab', 'Punjab District 2', 'Tamil', 'Kapila Sangam', 'Zone Area 21', 'Panchavati Center', '+91 6716243819', NULL, 'Reunited', 0.5, false, 'Announcement made on PA') ON CONFLICT (case_id) DO NOTHING;
INSERT INTO missing_persons (case_id, reported_at, name, gender, age_band, state, district, language, last_seen_location, last_seen_zone, reporting_center, reporter_mobile, physical_description, status, resolution_hours, is_duplicate_report, remarks) VALUES ('KMP-2027-00089', TIMESTAMP '2027-08-01 11:07', NULL, 'Male', '71-80', 'Jharkhand', 'Jharkhand District 1', 'Gujarati', 'Sadhugram Gate 2', 'Zone Area 8', 'Bharat Bharati Control Room', '+91 8845156039', 'Boy about 12, wearing school dress', 'Pending', NULL, false, NULL) ON CONFLICT (case_id) DO NOTHING;
INSERT INTO missing_persons (case_id, reported_at, name, gender, age_band, state, district, language, last_seen_location, last_seen_zone, reporting_center, reporter_mobile, physical_description, status, resolution_hours, is_duplicate_report, remarks) VALUES ('KMP-2027-00090', TIMESTAMP '2027-08-14 10:50', 'Vimla Dubey', 'Female', '71-80', 'Assam', 'Assam District 3', 'Marathi', 'Laxmi Narayan Ghat', 'Zone Area 30', 'Police Main Control Room', '+91 8269119969', 'Man in saffron kurta, has rudraksha mala', 'Unresolved', NULL, false, 'Brought by volunteer') ON CONFLICT (case_id) DO NOTHING;
INSERT INTO missing_persons (case_id, reported_at, name, gender, age_band, state, district, language, last_seen_location, last_seen_zone, reporting_center, reporter_mobile, physical_description, status, resolution_hours, is_duplicate_report, remarks) VALUES ('KMP-2027-00091', TIMESTAMP '2027-07-20 17:45', 'Savita Pandey', 'Female', '41-60', 'Assam', 'Assam District 1', 'Bengali', 'Bus Stand Nashik', 'Zone Area 17', 'Police Main Control Room', '+91 6170596494', 'Elderly woman, cannot speak properly, Gujarati', 'Reunited', 0.3, false, 'Cross-center transfer needed') ON CONFLICT (case_id) DO NOTHING;
INSERT INTO missing_persons (case_id, reported_at, name, gender, age_band, state, district, language, last_seen_location, last_seen_zone, reporting_center, reporter_mobile, physical_description, status, resolution_hours, is_duplicate_report, remarks) VALUES ('KMP-2027-00092', TIMESTAMP '2027-08-02 06:53', 'Prakash Rao', 'Male', '18-40', 'Assam', 'Assam District 3', 'Tamil', 'Sadhugram Gate 1', 'Zone Area 8', 'Police Main Control Room', '+91 7564520346', 'Elderly man with walking stick, hard of hearing', 'Reunited', 1.6, false, 'Police assisted') ON CONFLICT (case_id) DO NOTHING;
INSERT INTO missing_persons (case_id, reported_at, name, gender, age_band, state, district, language, last_seen_location, last_seen_zone, reporting_center, reporter_mobile, physical_description, status, resolution_hours, is_duplicate_report, remarks) VALUES ('KMP-2027-00093', TIMESTAMP '2027-08-10 14:39', 'Anjali Roy', 'Female', '0-12', 'West Bengal', 'Durgapur', 'Gujarati', 'Panchavati Circle', 'Zone Area 31', 'Bharat Bharati Control Room', '+91 8234400576', 'Man in yellow kurta, has tilak, speaks Bhojpuri', 'Reunited', 3.5, false, 'Family waiting at center') ON CONFLICT (case_id) DO NOTHING;
INSERT INTO missing_persons (case_id, reported_at, name, gender, age_band, state, district, language, last_seen_location, last_seen_zone, reporting_center, reporter_mobile, physical_description, status, resolution_hours, is_duplicate_report, remarks) VALUES ('KMP-2027-00094', TIMESTAMP '2027-08-11 13:41', 'Laxmi Dubey', 'Female', '61-70', 'Uttar Pradesh', 'Varanasi', 'Awadhi', 'Rajur Bahula', 'Zone Area 25', 'Nashik Road Center', NULL, 'Elderly woman, cannot speak properly, Gujarati', 'Reunited', 2.8, false, 'Found near ghat') ON CONFLICT (case_id) DO NOTHING;
INSERT INTO missing_persons (case_id, reported_at, name, gender, age_band, state, district, language, last_seen_location, last_seen_zone, reporting_center, reporter_mobile, physical_description, status, resolution_hours, is_duplicate_report, remarks) VALUES ('KMP-2027-00095', TIMESTAMP '2027-07-29 18:30', 'Seema Mehta', 'Female', '71-80', 'Haryana', 'Haryana District 2', 'Awadhi', 'Dasak Ghat', 'Zone Area 30', 'Trimbakeshwar Kho-Ya-Paya Kendra', '+91 6269737590', 'Child girl, pigtails, pink frock, about 6 years', 'Reunited', 7.9, false, 'Police assisted') ON CONFLICT (case_id) DO NOTHING;
INSERT INTO missing_persons (case_id, reported_at, name, gender, age_band, state, district, language, last_seen_location, last_seen_zone, reporting_center, reporter_mobile, physical_description, status, resolution_hours, is_duplicate_report, remarks) VALUES ('KMP-2027-00096', TIMESTAMP '2027-07-16 09:06', 'Geeta Pillai', 'Female', '61-70', 'Telangana', 'Telangana District 1', 'Awadhi', 'Kushavart Kund', 'Zone Area 15', 'Sadhugram Lost Found', '+91 8582750043', 'Old man, bald, wearing vest and dhoti', 'Reunited', 13.2, false, 'Police assisted') ON CONFLICT (case_id) DO NOTHING;
INSERT INTO missing_persons (case_id, reported_at, name, gender, age_band, state, district, language, last_seen_location, last_seen_zone, reporting_center, reporter_mobile, physical_description, status, resolution_hours, is_duplicate_report, remarks) VALUES ('KMP-2027-00097', TIMESTAMP '2027-07-02 07:25', 'Kanta Dubey', 'Female', '18-40', 'Chhattisgarh', 'Chhattisgarh District 2', 'Bhojpuri', 'Nashik Road Station', 'Zone Area 20', 'Rajur Bahula Center', '+91 8634047267', 'Man in saffron kurta, has rudraksha mala', 'Reunited', 0.2, false, 'Family waiting at center') ON CONFLICT (case_id) DO NOTHING;
INSERT INTO missing_persons (case_id, reported_at, name, gender, age_band, state, district, language, last_seen_location, last_seen_zone, reporting_center, reporter_mobile, physical_description, status, resolution_hours, is_duplicate_report, remarks) VALUES ('KMP-2027-00098', TIMESTAMP '2027-07-17 16:48', 'Parvati Rao', 'Female', '61-70', 'Bihar', 'Bhagalpur', 'Bengali', 'Kapila Sangam', 'Zone Area 21', 'Panchavati Center', NULL, 'Old man in dhoti kurta, cannot remember name', 'Reunited', 3.3, false, 'Found near ghat') ON CONFLICT (case_id) DO NOTHING;
INSERT INTO missing_persons (case_id, reported_at, name, gender, age_band, state, district, language, last_seen_location, last_seen_zone, reporting_center, reporter_mobile, physical_description, status, resolution_hours, is_duplicate_report, remarks) VALUES ('KMP-2027-00099', TIMESTAMP '2027-07-11 11:38', 'Sunil Agarwal', 'Male', '41-60', 'Delhi', 'Delhi District 3', 'Hindi', 'Nashik Road Station', 'Zone Area 20', 'Adgaon Kho-Ya-Paya', '+91 7203810954', 'Man in yellow kurta, has tilak, speaks Bhojpuri', 'Reunited', 0.6, false, 'Announcement made on PA') ON CONFLICT (case_id) DO NOTHING;
INSERT INTO missing_persons (case_id, reported_at, name, gender, age_band, state, district, language, last_seen_location, last_seen_zone, reporting_center, reporter_mobile, physical_description, status, resolution_hours, is_duplicate_report, remarks) VALUES ('KMP-2027-00100', TIMESTAMP '2027-08-09 14:37', 'Dinesh Iyer', 'Male', '18-40', 'Delhi', 'Delhi District 2', 'Maithili', 'Nandur Ghat', 'Zone Area 30', 'Police Main Control Room', NULL, 'Man in yellow kurta, has tilak, speaks Bhojpuri', 'Reunited', 3.3, false, NULL) ON CONFLICT (case_id) DO NOTHING;
INSERT INTO missing_persons (case_id, reported_at, name, gender, age_band, state, district, language, last_seen_location, last_seen_zone, reporting_center, reporter_mobile, physical_description, status, resolution_hours, is_duplicate_report, remarks) VALUES ('KMP-2027-00101', TIMESTAMP '2027-07-04 20:10', 'Sanjay Singh', 'Male', '61-70', 'Uttar Pradesh', 'Mathura', 'Bengali', 'Nashik Road Station', 'Zone Area 20', 'Nashik Road Center', '+91 7874597473', 'Man from UP', 'Reunited', 4.6, true, NULL) ON CONFLICT (case_id) DO NOTHING;
INSERT INTO missing_persons (case_id, reported_at, name, gender, age_band, state, district, language, last_seen_location, last_seen_zone, reporting_center, reporter_mobile, physical_description, status, resolution_hours, is_duplicate_report, remarks) VALUES ('KMP-2027-00102', TIMESTAMP '2027-07-04 09:33', 'Prakash Dubey', 'Male', '61-70', 'West Bengal', 'Siliguri', 'Kannada', 'Rajur Bahula', 'Zone Area 25', 'Police Main Control Room', '+91 9890099255', 'Child girl, pigtails, pink frock, about 6 years', 'Reunited', 1.5, false, 'GGTalk app used') ON CONFLICT (case_id) DO NOTHING;
INSERT INTO missing_persons (case_id, reported_at, name, gender, age_band, state, district, language, last_seen_location, last_seen_zone, reporting_center, reporter_mobile, physical_description, status, resolution_hours, is_duplicate_report, remarks) VALUES ('KMP-2027-00103', TIMESTAMP '2027-08-05 14:14', 'Bharat Rao', 'Male', '71-80', 'Karnataka', 'Belagavi', 'Bhojpuri', 'Takli Sangam', 'Zone Area 21', 'Sadhugram Lost Found', '+91 7399580835', 'Old woman', 'Reunited', 2.7, false, 'GGTalk app used') ON CONFLICT (case_id) DO NOTHING;
INSERT INTO missing_persons (case_id, reported_at, name, gender, age_band, state, district, language, last_seen_location, last_seen_zone, reporting_center, reporter_mobile, physical_description, status, resolution_hours, is_duplicate_report, remarks) VALUES ('KMP-2027-00104', TIMESTAMP '2027-07-23 09:18', 'Pushpa Desai', 'Female', '18-40', 'Assam', 'Assam District 2', 'Marathi', 'Kushavart Kund', 'Zone Area 15', 'Sadhugram Lost Found', '+91 9978726109', 'Old woman', 'Reunited', 2.3, false, 'Announcement made on PA') ON CONFLICT (case_id) DO NOTHING;
INSERT INTO missing_persons (case_id, reported_at, name, gender, age_band, state, district, language, last_seen_location, last_seen_zone, reporting_center, reporter_mobile, physical_description, status, resolution_hours, is_duplicate_report, remarks) VALUES ('KMP-2027-00105', TIMESTAMP '2027-07-10 12:03', 'Ankit Trivedi', 'Male', '61-70', 'Karnataka', 'Mysuru', 'Kannada', 'Sadhugram Gate 1', 'Zone Area 8', 'Adgaon Kho-Ya-Paya', NULL, 'Child girl, pigtails, pink frock, about 6 years', 'Reunited', 5.9, true, 'GGTalk app used') ON CONFLICT (case_id) DO NOTHING;
INSERT INTO missing_persons (case_id, reported_at, name, gender, age_band, state, district, language, last_seen_location, last_seen_zone, reporting_center, reporter_mobile, physical_description, status, resolution_hours, is_duplicate_report, remarks) VALUES ('KMP-2027-00106', TIMESTAMP '2027-07-19 06:58', 'Sita Shukla', 'Female', '71-80', 'Odisha', 'Odisha District 2', 'Maithili', 'Trimbakeshwar Approach', 'Zone Area 1', 'Nashik Road Center', '+91 8444851196', 'Man in saffron kurta, has rudraksha mala', 'Reunited', 7.6, true, NULL) ON CONFLICT (case_id) DO NOTHING;
INSERT INTO missing_persons (case_id, reported_at, name, gender, age_band, state, district, language, last_seen_location, last_seen_zone, reporting_center, reporter_mobile, physical_description, status, resolution_hours, is_duplicate_report, remarks) VALUES ('KMP-2027-00107', TIMESTAMP '2027-07-19 06:00', 'Ankit Patel', 'Male', '0-12', 'Haryana', 'Haryana District 2', 'Marathi', 'Takli Sangam', 'Zone Area 21', 'Nashik Road Center', NULL, 'Girl child about 5 years, red bindi, crying', 'Pending', NULL, false, 'Announcement made on PA') ON CONFLICT (case_id) DO NOTHING;
INSERT INTO missing_persons (case_id, reported_at, name, gender, age_band, state, district, language, last_seen_location, last_seen_zone, reporting_center, reporter_mobile, physical_description, status, resolution_hours, is_duplicate_report, remarks) VALUES ('KMP-2027-00108', TIMESTAMP '2027-07-11 13:45', 'Mamta Shah', 'Female', '80+', 'Chhattisgarh', 'Chhattisgarh District 2', 'Telugu', 'Adgaon Parking', 'Zone Area 2', 'Central Control Room', '+91 6455069350', 'Child missing', 'Reunited', 3.4, false, NULL) ON CONFLICT (case_id) DO NOTHING;
INSERT INTO missing_persons (case_id, reported_at, name, gender, age_band, state, district, language, last_seen_location, last_seen_zone, reporting_center, reporter_mobile, physical_description, status, resolution_hours, is_duplicate_report, remarks) VALUES ('KMP-2027-00109', TIMESTAMP '2027-07-09 20:20', 'Parvati Roy', 'Female', '61-70', 'Telangana', 'Telangana District 1', 'Bengali', 'Dindori Road Crossing', 'Zone Area 22', 'Central Control Room', '+91 6298407302', 'Woman speaking Tamil, wearing silk saree', 'Reunited', 5.6, false, 'Found near ghat') ON CONFLICT (case_id) DO NOTHING;
INSERT INTO missing_persons (case_id, reported_at, name, gender, age_band, state, district, language, last_seen_location, last_seen_zone, reporting_center, reporter_mobile, physical_description, status, resolution_hours, is_duplicate_report, remarks) VALUES ('KMP-2027-00110', TIMESTAMP '2027-08-08 08:40', 'Sangeeta Sharma', 'Female', '41-60', 'Tamil Nadu', 'Chennai', 'Bhojpuri', 'Takli Sangam', 'Zone Area 21', 'Panchavati Center', '+91 9429430802', 'Girl child about 5 years, red bindi, crying', 'Reunited', 0.6, false, 'Family waiting at center') ON CONFLICT (case_id) DO NOTHING;
INSERT INTO missing_persons (case_id, reported_at, name, gender, age_band, state, district, language, last_seen_location, last_seen_zone, reporting_center, reporter_mobile, physical_description, status, resolution_hours, is_duplicate_report, remarks) VALUES ('KMP-2027-00111', TIMESTAMP '2027-07-29 21:45', 'Ravi Trivedi', 'Male', '71-80', 'West Bengal', 'Nadia', 'Marathi', 'Laxmi Narayan Ghat', 'Zone Area 30', 'Bharat Bharati Control Room', '+91 6664258474', 'Old man, hearing aid, wearing full pants shirt', 'Reunited', 3.2, false, 'Family waiting at center') ON CONFLICT (case_id) DO NOTHING;
INSERT INTO missing_persons (case_id, reported_at, name, gender, age_band, state, district, language, last_seen_location, last_seen_zone, reporting_center, reporter_mobile, physical_description, status, resolution_hours, is_duplicate_report, remarks) VALUES ('KMP-2027-00112', TIMESTAMP '2027-07-29 06:29', 'Sita Dubey', 'Female', '61-70', 'West Bengal', 'Durgapur', 'Kannada', 'Sadhugram Gate 2', 'Zone Area 8', 'Police Main Control Room', '+91 6648011361', 'Elderly woman, cannot speak properly, Gujarati', 'Reunited', 3.3, false, 'Found near ghat') ON CONFLICT (case_id) DO NOTHING;
INSERT INTO missing_persons (case_id, reported_at, name, gender, age_band, state, district, language, last_seen_location, last_seen_zone, reporting_center, reporter_mobile, physical_description, status, resolution_hours, is_duplicate_report, remarks) VALUES ('KMP-2027-00113', TIMESTAMP '2027-07-23 07:34', 'Asha Yadav', 'Female', '71-80', 'Kerala', 'Kerala District 1', 'Hindi', 'Kushavart Kund', 'Zone Area 15', 'Bharat Bharati Control Room', NULL, 'Old woman in white saree, widow marks', 'Reunited', 0.8, false, 'Cross-center transfer needed') ON CONFLICT (case_id) DO NOTHING;
INSERT INTO missing_persons (case_id, reported_at, name, gender, age_band, state, district, language, last_seen_location, last_seen_zone, reporting_center, reporter_mobile, physical_description, status, resolution_hours, is_duplicate_report, remarks) VALUES ('KMP-2027-00114', TIMESTAMP '2027-07-23 08:11', 'Parvati Shukla', 'Female', '71-80', 'Jharkhand', 'Jharkhand District 2', 'Gujarati', 'Panchavati Circle', 'Zone Area 31', 'Adgaon Kho-Ya-Paya', '+91 7801726890', 'Man in yellow kurta, has tilak, speaks Bhojpuri', 'Reunited', 1, true, NULL) ON CONFLICT (case_id) DO NOTHING;
INSERT INTO missing_persons (case_id, reported_at, name, gender, age_band, state, district, language, last_seen_location, last_seen_zone, reporting_center, reporter_mobile, physical_description, status, resolution_hours, is_duplicate_report, remarks) VALUES ('KMP-2027-00115', TIMESTAMP '2027-07-18 11:59', 'Priya Rao', 'Female', '61-70', 'Haryana', 'Haryana District 1', 'Bengali', 'Sadhugram Gate 1', 'Zone Area 8', 'Central Control Room', '+91 8266560311', 'Lost near ghats', 'Reunited', 11, false, 'Brought by volunteer') ON CONFLICT (case_id) DO NOTHING;
INSERT INTO missing_persons (case_id, reported_at, name, gender, age_band, state, district, language, last_seen_location, last_seen_zone, reporting_center, reporter_mobile, physical_description, status, resolution_hours, is_duplicate_report, remarks) VALUES ('KMP-2027-00116', TIMESTAMP '2027-07-15 11:48', NULL, 'Male', '61-70', 'Maharashtra', 'Mumbai', 'Tamil', 'Kushavart Kund', 'Zone Area 15', 'Ramkund Kho-Ya-Paya Kendra', '+91 9571332733', 'Man in yellow kurta, has tilak, speaks Bhojpuri', 'Reunited', 9.9, false, 'Family waiting at center') ON CONFLICT (case_id) DO NOTHING;
INSERT INTO missing_persons (case_id, reported_at, name, gender, age_band, state, district, language, last_seen_location, last_seen_zone, reporting_center, reporter_mobile, physical_description, status, resolution_hours, is_duplicate_report, remarks) VALUES ('KMP-2027-00117', TIMESTAMP '2027-07-18 06:35', 'Durga Krishnan', 'Female', '41-60', 'Rajasthan', 'Bikaner', 'Bengali', 'Trimbak Road', 'Zone Area 1', 'Ramkund Kho-Ya-Paya Kendra', '+91 9422660441', NULL, 'Reunited', 0.2, false, 'Cross-center transfer needed') ON CONFLICT (case_id) DO NOTHING;
INSERT INTO missing_persons (case_id, reported_at, name, gender, age_band, state, district, language, last_seen_location, last_seen_zone, reporting_center, reporter_mobile, physical_description, status, resolution_hours, is_duplicate_report, remarks) VALUES ('KMP-2027-00118', TIMESTAMP '2027-07-15 14:54', 'Pushpa Shah', 'Female', '61-70', 'Rajasthan', 'Udaipur', 'Maithili', 'Sadhugram Gate 2', 'Zone Area 8', 'Rajur Bahula Center', '+91 9358737619', 'Old man in dhoti kurta, cannot remember name', 'Reunited', 2.2, false, 'Bharat Bharati volunteer handled') ON CONFLICT (case_id) DO NOTHING;
INSERT INTO missing_persons (case_id, reported_at, name, gender, age_band, state, district, language, last_seen_location, last_seen_zone, reporting_center, reporter_mobile, physical_description, status, resolution_hours, is_duplicate_report, remarks) VALUES ('KMP-2027-00119', TIMESTAMP '2027-07-18 17:43', 'Mohan Dubey', 'Male', '80+', 'Punjab', 'Punjab District 1', 'Marathi', 'Main Police Chowki', 'Zone Area 19', 'Nashik Road Center', '+91 7155337035', 'Old man in dhoti kurta, cannot remember name', 'Reunited', 5.7, false, 'GGTalk app used') ON CONFLICT (case_id) DO NOTHING;
INSERT INTO missing_persons (case_id, reported_at, name, gender, age_band, state, district, language, last_seen_location, last_seen_zone, reporting_center, reporter_mobile, physical_description, status, resolution_hours, is_duplicate_report, remarks) VALUES ('KMP-2027-00120', TIMESTAMP '2027-07-31 12:44', 'Mohan Sinha', 'Male', '41-60', 'Uttar Pradesh', 'Allahabad', 'Bhojpuri', 'Main Police Chowki', 'Zone Area 19', 'Trimbakeshwar Kho-Ya-Paya Kendra', '+91 6901955461', 'Old man, bald, wearing vest and dhoti', 'Reunited', 6, false, 'GGTalk app used') ON CONFLICT (case_id) DO NOTHING;
INSERT INTO missing_persons (case_id, reported_at, name, gender, age_band, state, district, language, last_seen_location, last_seen_zone, reporting_center, reporter_mobile, physical_description, status, resolution_hours, is_duplicate_report, remarks) VALUES ('KMP-2027-00121', TIMESTAMP '2027-07-21 11:23', 'Seema Yadav', 'Female', '71-80', 'Jharkhand', 'Jharkhand District 1', 'Awadhi', 'Nandur Ghat', 'Zone Area 30', 'Adgaon Kho-Ya-Paya', '+91 9917792874', 'Old man in dhoti kurta, cannot remember name', 'Pending', NULL, false, NULL) ON CONFLICT (case_id) DO NOTHING;
INSERT INTO missing_persons (case_id, reported_at, name, gender, age_band, state, district, language, last_seen_location, last_seen_zone, reporting_center, reporter_mobile, physical_description, status, resolution_hours, is_duplicate_report, remarks) VALUES ('KMP-2027-00122', TIMESTAMP '2027-07-16 20:35', 'Manoj Nair', 'Male', '61-70', 'Rajasthan', 'Jodhpur', 'Kannada', 'Nandur Ghat', 'Zone Area 30', 'Sadhugram Lost Found', '+91 9711806831', 'Man from UP', 'Transferred to hospital', NULL, false, 'Announcement made on PA') ON CONFLICT (case_id) DO NOTHING;
INSERT INTO missing_persons (case_id, reported_at, name, gender, age_band, state, district, language, last_seen_location, last_seen_zone, reporting_center, reporter_mobile, physical_description, status, resolution_hours, is_duplicate_report, remarks) VALUES ('KMP-2027-00123', TIMESTAMP '2027-08-04 06:33', 'Deepak Menon', 'Male', '18-40', 'Assam', 'Assam District 2', 'Hindi', 'Kushavart Kund', 'Zone Area 15', 'Bharat Bharati Control Room', NULL, 'Lost near ghats', 'Reunited', 2.1, false, 'Brought by volunteer') ON CONFLICT (case_id) DO NOTHING;
INSERT INTO missing_persons (case_id, reported_at, name, gender, age_band, state, district, language, last_seen_location, last_seen_zone, reporting_center, reporter_mobile, physical_description, status, resolution_hours, is_duplicate_report, remarks) VALUES ('KMP-2027-00124', TIMESTAMP '2027-08-01 05:00', 'Dinesh Sharma', 'Male', '61-70', 'Maharashtra', 'Aurangabad', 'Hindi', 'Panchavati Circle', 'Zone Area 31', 'Police Main Control Room', '+91 9807901168', 'Elderly woman, cannot speak properly, Gujarati', 'Reunited', 5.1, false, 'Found near ghat') ON CONFLICT (case_id) DO NOTHING;
INSERT INTO missing_persons (case_id, reported_at, name, gender, age_band, state, district, language, last_seen_location, last_seen_zone, reporting_center, reporter_mobile, physical_description, status, resolution_hours, is_duplicate_report, remarks) VALUES ('KMP-2027-00125', TIMESTAMP '2027-07-13 21:16', 'Ankit Patil', 'Male', '71-80', 'Gujarat', 'Ahmedabad', 'Marathi', 'Laxmi Narayan Ghat', 'Zone Area 30', 'Sadhugram Lost Found', '+91 7358738317', 'Old man, bald, wearing vest and dhoti', 'Reunited', 2.1, false, 'Brought by volunteer') ON CONFLICT (case_id) DO NOTHING;
INSERT INTO missing_persons (case_id, reported_at, name, gender, age_band, state, district, language, last_seen_location, last_seen_zone, reporting_center, reporter_mobile, physical_description, status, resolution_hours, is_duplicate_report, remarks) VALUES ('KMP-2027-00126', TIMESTAMP '2027-07-31 06:40', NULL, 'Male', '80+', 'Maharashtra', 'Nashik', 'Kannada', 'Ramkund Ghat', 'Zone Area 30', 'Ramkund Kho-Ya-Paya Kendra', '+91 9693458652', 'Child in red shirt, about 8-10 years, crying', 'Reunited', 4.1, false, NULL) ON CONFLICT (case_id) DO NOTHING;
INSERT INTO missing_persons (case_id, reported_at, name, gender, age_band, state, district, language, last_seen_location, last_seen_zone, reporting_center, reporter_mobile, physical_description, status, resolution_hours, is_duplicate_report, remarks) VALUES ('KMP-2027-00127', TIMESTAMP '2027-07-18 06:11', 'Manju Verma', 'Female', '71-80', 'Kerala', 'Kerala District 2', 'Awadhi', 'Nandur Ghat', 'Zone Area 30', 'Central Control Room', '+91 6834899763', 'Old woman, white clothes, lost memory', 'Reunited', 6.9, false, NULL) ON CONFLICT (case_id) DO NOTHING;
INSERT INTO missing_persons (case_id, reported_at, name, gender, age_band, state, district, language, last_seen_location, last_seen_zone, reporting_center, reporter_mobile, physical_description, status, resolution_hours, is_duplicate_report, remarks) VALUES ('KMP-2027-00128', TIMESTAMP '2027-08-14 07:32', 'Rakesh Tiwari', 'Male', '71-80', 'Assam', 'Assam District 2', 'Bengali', 'Laxmi Narayan Ghat', 'Zone Area 30', 'Central Control Room', '+91 7948790854', 'Woman in green saree, has tilak on forehead', 'Reunited', 0.3, false, 'Family waiting at center') ON CONFLICT (case_id) DO NOTHING;
INSERT INTO missing_persons (case_id, reported_at, name, gender, age_band, state, district, language, last_seen_location, last_seen_zone, reporting_center, reporter_mobile, physical_description, status, resolution_hours, is_duplicate_report, remarks) VALUES ('KMP-2027-00129', TIMESTAMP '2027-08-07 14:51', 'Asha Pillai', 'Female', '61-70', 'Jharkhand', 'Jharkhand District 2', 'Tamil', 'Dindori Road Crossing', 'Zone Area 22', 'Bharat Bharati Control Room', '+91 9563693201', 'Child in red shirt, about 8-10 years, crying', 'Reunited', 5, false, 'Bharat Bharati volunteer handled') ON CONFLICT (case_id) DO NOTHING;
INSERT INTO missing_persons (case_id, reported_at, name, gender, age_band, state, district, language, last_seen_location, last_seen_zone, reporting_center, reporter_mobile, physical_description, status, resolution_hours, is_duplicate_report, remarks) VALUES ('KMP-2027-00130', TIMESTAMP '2027-07-06 10:27', NULL, 'Male', '41-60', 'Punjab', 'Punjab District 2', 'Maithili', 'Dasak Ghat', 'Zone Area 30', 'Police Main Control Room', NULL, 'Woman with three children, lost husband', 'Reunited', 0.1, false, NULL) ON CONFLICT (case_id) DO NOTHING;
INSERT INTO missing_persons (case_id, reported_at, name, gender, age_band, state, district, language, last_seen_location, last_seen_zone, reporting_center, reporter_mobile, physical_description, status, resolution_hours, is_duplicate_report, remarks) VALUES ('KMP-2027-00131', TIMESTAMP '2027-08-03 10:43', 'Pushpa Dubey', 'Female', '0-12', 'Uttarakhand', 'Uttarakhand District 2', 'Tamil', 'Kapila Sangam', 'Zone Area 21', 'Ramkund Kho-Ya-Paya Kendra', '+91 7714137833', 'Elderly man with walking stick, hard of hearing', 'Reunited', 2.7, true, 'Bharat Bharati volunteer handled') ON CONFLICT (case_id) DO NOTHING;
INSERT INTO missing_persons (case_id, reported_at, name, gender, age_band, state, district, language, last_seen_location, last_seen_zone, reporting_center, reporter_mobile, physical_description, status, resolution_hours, is_duplicate_report, remarks) VALUES ('KMP-2027-00132', TIMESTAMP '2027-07-07 09:19', 'Ram Mehta', 'Male', '41-60', 'Tamil Nadu', 'Tirunelveli', 'Awadhi', 'Ramkund Ghat', 'Zone Area 30', 'Adgaon Kho-Ya-Paya', '+91 7591625191', 'Child girl, pigtails, pink frock, about 6 years', 'Reunited', 7.9, false, 'Bharat Bharati volunteer handled') ON CONFLICT (case_id) DO NOTHING;
INSERT INTO missing_persons (case_id, reported_at, name, gender, age_band, state, district, language, last_seen_location, last_seen_zone, reporting_center, reporter_mobile, physical_description, status, resolution_hours, is_duplicate_report, remarks) VALUES ('KMP-2027-00133', TIMESTAMP '2027-07-21 10:25', 'Vimla Reddy', 'Female', '18-40', 'Telangana', 'Telangana District 3', 'Kannada', 'Nandur Ghat', 'Zone Area 30', 'Sadhugram Lost Found', '+91 7614332794', 'Child missing', 'Transferred to hospital', NULL, false, 'Police assisted') ON CONFLICT (case_id) DO NOTHING;
INSERT INTO missing_persons (case_id, reported_at, name, gender, age_band, state, district, language, last_seen_location, last_seen_zone, reporting_center, reporter_mobile, physical_description, status, resolution_hours, is_duplicate_report, remarks) VALUES ('KMP-2027-00134', TIMESTAMP '2027-08-05 05:46', 'Ankit Menon', 'Male', '18-40', 'Kerala', 'Kerala District 1', 'Tamil', 'Dasak Ghat', 'Zone Area 30', 'Trimbakeshwar Kho-Ya-Paya Kendra', '+91 7831983367', 'Boy about 12, wearing school dress', 'Reunited', 0.3, false, 'Bharat Bharati volunteer handled') ON CONFLICT (case_id) DO NOTHING;
INSERT INTO missing_persons (case_id, reported_at, name, gender, age_band, state, district, language, last_seen_location, last_seen_zone, reporting_center, reporter_mobile, physical_description, status, resolution_hours, is_duplicate_report, remarks) VALUES ('KMP-2027-00135', TIMESTAMP '2027-07-29 20:37', 'Geeta Reddy', 'Female', '41-60', 'Rajasthan', 'Bikaner', 'Bengali', 'Kapila Sangam', 'Zone Area 21', 'Police Main Control Room', '+91 9179419456', 'Man in yellow kurta, has tilak, speaks Bhojpuri', 'Reunited', 6.3, false, 'GGTalk app used') ON CONFLICT (case_id) DO NOTHING;
INSERT INTO missing_persons (case_id, reported_at, name, gender, age_band, state, district, language, last_seen_location, last_seen_zone, reporting_center, reporter_mobile, physical_description, status, resolution_hours, is_duplicate_report, remarks) VALUES ('KMP-2027-00136', TIMESTAMP '2027-08-11 17:48', NULL, 'Female', '41-60', 'Punjab', 'Punjab District 1', 'Hindi', 'Nandur Ghat', 'Zone Area 30', 'Adgaon Kho-Ya-Paya', '+91 6704753177', 'Woman in green saree, has tilak on forehead', 'Reunited', 1, false, 'GGTalk app used') ON CONFLICT (case_id) DO NOTHING;
INSERT INTO missing_persons (case_id, reported_at, name, gender, age_band, state, district, language, last_seen_location, last_seen_zone, reporting_center, reporter_mobile, physical_description, status, resolution_hours, is_duplicate_report, remarks) VALUES ('KMP-2027-00137', TIMESTAMP '2027-07-31 08:18', 'Sangeeta Tiwari', 'Female', '41-60', 'Kerala', 'Kerala District 3', 'Gujarati', 'Gauri Patangan', 'Zone Area 29', 'Bharat Bharati Control Room', '+91 8126373949', 'Woman in green saree, has tilak on forehead', 'Reunited', 1.7, false, 'GGTalk app used') ON CONFLICT (case_id) DO NOTHING;
INSERT INTO missing_persons (case_id, reported_at, name, gender, age_band, state, district, language, last_seen_location, last_seen_zone, reporting_center, reporter_mobile, physical_description, status, resolution_hours, is_duplicate_report, remarks) VALUES ('KMP-2027-00138', TIMESTAMP '2027-07-22 08:43', 'Anil Singh', 'Male', '71-80', 'Telangana', 'Telangana District 1', 'Gujarati', 'Adgaon Parking', 'Zone Area 2', 'Trimbakeshwar Kho-Ya-Paya Kendra', '+91 6124250578', 'Man in yellow kurta, has tilak, speaks Bhojpuri', 'Reunited', 1.6, false, 'Announcement made on PA') ON CONFLICT (case_id) DO NOTHING;
INSERT INTO missing_persons (case_id, reported_at, name, gender, age_band, state, district, language, last_seen_location, last_seen_zone, reporting_center, reporter_mobile, physical_description, status, resolution_hours, is_duplicate_report, remarks) VALUES ('KMP-2027-00139', TIMESTAMP '2027-08-09 19:37', 'Ashok Reddy', 'Male', '61-70', 'Uttarakhand', 'Uttarakhand District 2', 'Bhojpuri', 'Gauri Patangan', 'Zone Area 29', 'Adgaon Kho-Ya-Paya', NULL, 'Wearing white saree, grey hair, speaks Hindi', 'Reunited', 5.6, false, NULL) ON CONFLICT (case_id) DO NOTHING;
INSERT INTO missing_persons (case_id, reported_at, name, gender, age_band, state, district, language, last_seen_location, last_seen_zone, reporting_center, reporter_mobile, physical_description, status, resolution_hours, is_duplicate_report, remarks) VALUES ('KMP-2027-00140', TIMESTAMP '2027-08-12 20:33', 'Pushpa Sinha', 'Female', '41-60', 'West Bengal', 'Siliguri', 'Awadhi', 'Nandur Ghat', 'Zone Area 30', 'Nashik Road Center', NULL, 'Old man, bald, wearing vest and dhoti', 'Reunited', 0.5, false, 'Announcement made on PA') ON CONFLICT (case_id) DO NOTHING;
INSERT INTO missing_persons (case_id, reported_at, name, gender, age_band, state, district, language, last_seen_location, last_seen_zone, reporting_center, reporter_mobile, physical_description, status, resolution_hours, is_duplicate_report, remarks) VALUES ('KMP-2027-00141', TIMESTAMP '2027-07-09 15:07', 'Kamla Rao', 'Female', '41-60', 'Delhi', 'Delhi District 3', 'Gujarati', 'Dindori Road Crossing', 'Zone Area 22', 'Sadhugram Lost Found', NULL, 'Woman in green saree, has tilak on forehead', 'Reunited', 0.6, false, 'Family waiting at center') ON CONFLICT (case_id) DO NOTHING;
INSERT INTO missing_persons (case_id, reported_at, name, gender, age_band, state, district, language, last_seen_location, last_seen_zone, reporting_center, reporter_mobile, physical_description, status, resolution_hours, is_duplicate_report, remarks) VALUES ('KMP-2027-00142', TIMESTAMP '2027-07-19 09:11', 'Ashok Shukla', 'Male', '61-70', 'Gujarat', 'Gandhinagar', 'Hindi', 'Nandur Ghat', 'Zone Area 30', 'Rajur Bahula Center', NULL, 'Girl child about 5 years, red bindi, crying', 'Pending', NULL, false, 'Announcement made on PA') ON CONFLICT (case_id) DO NOTHING;
INSERT INTO missing_persons (case_id, reported_at, name, gender, age_band, state, district, language, last_seen_location, last_seen_zone, reporting_center, reporter_mobile, physical_description, status, resolution_hours, is_duplicate_report, remarks) VALUES ('KMP-2027-00143', TIMESTAMP '2027-07-29 20:10', 'Ankit Chaudhary', 'Male', '61-70', 'Odisha', 'Odisha District 2', 'Bhojpuri', 'Trimbakeshwar Approach', 'Zone Area 1', 'Nashik Road Center', '+91 9862509565', 'Wearing white saree, grey hair, speaks Hindi', 'Reunited', 1.3, false, NULL) ON CONFLICT (case_id) DO NOTHING;
INSERT INTO missing_persons (case_id, reported_at, name, gender, age_band, state, district, language, last_seen_location, last_seen_zone, reporting_center, reporter_mobile, physical_description, status, resolution_hours, is_duplicate_report, remarks) VALUES ('KMP-2027-00144', TIMESTAMP '2027-08-04 16:34', 'Sangeeta Desai', 'Female', '61-70', 'Chhattisgarh', 'Chhattisgarh District 1', 'Bhojpuri', 'Kushavart Kund', 'Zone Area 15', 'Rajur Bahula Center', '+91 8932271276', 'Woman with three children, lost husband', 'Unresolved', NULL, false, 'Cross-center transfer needed') ON CONFLICT (case_id) DO NOTHING;
INSERT INTO missing_persons (case_id, reported_at, name, gender, age_band, state, district, language, last_seen_location, last_seen_zone, reporting_center, reporter_mobile, physical_description, status, resolution_hours, is_duplicate_report, remarks) VALUES ('KMP-2027-00145', TIMESTAMP '2027-07-16 11:51', 'Seema Sinha', 'Female', '61-70', 'Punjab', 'Punjab District 1', 'Awadhi', 'Trimbak Road', 'Zone Area 1', 'Panchavati Center', '+91 6932828137', 'Old woman', 'Reunited', 0.7, false, 'Brought by volunteer') ON CONFLICT (case_id) DO NOTHING;
INSERT INTO missing_persons (case_id, reported_at, name, gender, age_band, state, district, language, last_seen_location, last_seen_zone, reporting_center, reporter_mobile, physical_description, status, resolution_hours, is_duplicate_report, remarks) VALUES ('KMP-2027-00146', TIMESTAMP '2027-07-19 14:36', 'Pushpa Verma', 'Female', '61-70', 'Delhi', 'Delhi District 3', 'Marathi', 'Madsangvi Transit', 'Zone Area 6', 'Police Main Control Room', NULL, 'Lost near ghats', 'Reunited', 5.5, false, NULL) ON CONFLICT (case_id) DO NOTHING;
INSERT INTO missing_persons (case_id, reported_at, name, gender, age_band, state, district, language, last_seen_location, last_seen_zone, reporting_center, reporter_mobile, physical_description, status, resolution_hours, is_duplicate_report, remarks) VALUES ('KMP-2027-00147', TIMESTAMP '2027-08-13 17:31', NULL, 'Unknown', '71-80', 'Tamil Nadu', 'Coimbatore', 'Tamil', 'Sadhugram Gate 2', 'Zone Area 8', 'Nashik Road Center', '+91 7917626034', NULL, 'Reunited', 1.9, true, NULL) ON CONFLICT (case_id) DO NOTHING;
INSERT INTO missing_persons (case_id, reported_at, name, gender, age_band, state, district, language, last_seen_location, last_seen_zone, reporting_center, reporter_mobile, physical_description, status, resolution_hours, is_duplicate_report, remarks) VALUES ('KMP-2027-00148', TIMESTAMP '2027-07-06 19:40', 'Deepak Yadav', 'Male', '71-80', 'Jharkhand', 'Jharkhand District 2', 'Bengali', 'Laxmi Narayan Ghat', 'Zone Area 30', 'Bharat Bharati Control Room', '+91 6931221434', 'Woman with three children, lost husband', 'Reunited', 2.2, false, 'Found near ghat') ON CONFLICT (case_id) DO NOTHING;
INSERT INTO missing_persons (case_id, reported_at, name, gender, age_band, state, district, language, last_seen_location, last_seen_zone, reporting_center, reporter_mobile, physical_description, status, resolution_hours, is_duplicate_report, remarks) VALUES ('KMP-2027-00149', TIMESTAMP '2027-07-07 19:01', 'Ram Dubey', 'Male', '18-40', 'Odisha', 'Odisha District 2', 'Kannada', 'Sadhugram Gate 1', 'Zone Area 8', 'Ramkund Kho-Ya-Paya Kendra', '+91 6149330844', 'Boy about 12, wearing school dress', 'Reunited', 12.7, false, NULL) ON CONFLICT (case_id) DO NOTHING;
